,STATION,LINENAME,LAT,LON,SYSTEM,NET_ENTRIES,CROWD_INDEX,MED_TEMP,HEAT_INDEX,RISK_INDEX,NEAR_LOW_RISK_STATION,NEAR_LOW_RISK_LINENAME,NEAR_LOW_RISK_STATION_DIST
0,GRD CNTRL-42 ST,4567S,40.751849,-73.976945,MTA,11840017.0,10.0,155.64996971519383,5.970497919423712,7.8,5 AVE,7BDFM,0.297
1,34 ST-HERALD SQ,BDFMNQRW,40.749533,-73.987899,MTA,9972397.0,9.783154930850527,156.03082616415608,6.172866443564044,7.8,28 ST,NRW,0.276
2,14 ST-UNION SQ,456LNQRW,40.734836,-73.990688,MTA,8319636.0,9.554261031620648,155.63899145086322,5.9646646057007535,7.4,3 AV,L,0.215
3,FULTON ST,2345ACJZ,40.709938,-74.007983,MTA,7343471.0,9.396605707656912,154.15325543558168,5.175217018574731,6.5,WORLD TRADE CTR,23ACE,0.205
4,42 ST-PORT AUTH,1237ACENQRSW,40.757303,-73.98978699999998,MTA,7241329.0,9.378912316713912,156.18898402435366,6.25690380944449,7.5,TIMES SQ-42 ST,1237ACENQRSW,0.197
5,TIMES SQ-42 ST,1237ACENQRSW,40.755905,-73.98650400000002,MTA,6586497.0,9.259182850129225,152.76150787031906,4.435710305414157,5.8,,,
6,34 ST-PENN STA,ACE,40.752247,-73.99345600000002,MTA,6343063.0,9.211611124235828,157.26883423773532,6.830683496174457,8.0,42 ST-PORT AUTH,1237ACEGNRSW,0.398
7,LEXINGTON AV/53,6EM,40.75753,-73.969102,MTA,5687941.0,9.073905967887734,156.73798270624917,6.548614907714974,7.6,51 ST,6,0.148
8,59 ST COLUMBUS,1ABCD,40.76811,-73.981891,MTA,5521501.0,9.036390900920823,154.4431153902049,5.32923444793507,6.4,7 AV,BDE,0.361
9,PATH NEW WTC,1,40.711638,-74.010708,PATH,5374624.0,9.002333765453614,148.959318971449,2.4154127416900915,4.2,,,
10,47-50 STS ROCK,BDFM,40.75865200000001,-73.981311,MTA,4753926.0,8.847317341994696,155.77697500776463,6.037982331688738,6.9,7 AV,BDE,0.292
11,PELHAM PKWY,25,40.857188,-73.86760699999998,MTA,4603597.0,8.806727316410461,156.53632909845933,6.4414660249608575,7.3,MORRIS PARK,5,0.406
12,FLUSHING-MAIN,7,40.75957800000001,-73.830056,MTA,4578137.0,8.799721884771536,158.95518595336583,7.726728472709602,8.6,,,
13,W 4 ST-WASH SQ,ABCDEFM,40.732251,-74.000559,MTA,4576909.0,8.79938301101848,156.30793963164092,6.32011101192334,7.1,6 AV,123FLM,0.401
15,CANAL ST,6JNQRWZ,40.718697,-74.000977,MTA,4219803.0,8.696766886575045,158.04782544996297,7.244601397174519,8.0,BOWERY,JZ,0.382
16,59 ST,456NQRW,40.762796,-73.967686,MTA,4211776.0,8.694361723240817,161.2781806492091,8.961054448978377,10.0,RIT-MANHATTAN,R,0.22
17,JKSN HT-ROOSVLT,7EFMR,40.746655,-73.891361,MTA,4058281.0,8.64746573403784,158.97690487157018,7.738268845558536,8.6,69 ST,7,0.266
18,34 ST-PENN STA,123ACE,40.750264,-73.99298399999998,MTA,4005512.0,8.630932957844323,157.3764531978587,6.8878669577884875,7.6,28 ST,1,0.211
19,BROAD ST,JZ,40.706539,-74.011052,MTA,3526579.0,8.47007385957112,150.09903246906669,3.0210008552277388,4.0,,,
20,ATL AV-BARCLAY,2345BDNQR,40.684063,-73.977417,MTA,3351117.0,8.405607307928758,159.30870332546937,7.91457034605977,8.6,BERGEN ST,23,0.255
21,86 ST,456,40.779485,-73.955541,MTA,3310463.0,8.390189184409524,155.6452647934581,5.967997953700537,6.5,96 ST,6,0.499
22,14 ST,123FLM,40.737348,-73.9969,MTA,3307405.0,8.38902178490294,156.074680160427,6.196168316296343,6.7,9TH STREET,1,0.233
23,72 ST,123,40.778575,-73.981912,MTA,3292464.0,8.3833024545008,154.95598861465984,5.601750241712061,6.1,79 ST,1,0.38
24,7 AV,FG,40.666276,-73.980324,MTA,3157451.0,8.330411045845318,153.06853139994774,4.598847620632537,5.1,,,
25,42 ST-BRYANT PK,7BDFM,40.754198,-73.984573,MTA,3155996.0,8.329828813195213,154.16428782105586,5.181079089631238,5.6,,,
26,61 ST WOODSIDE,7,40.745623,-73.902969,MTA,3120124.0,8.315388747290017,156.95043425983073,6.661501291723347,7.1,69 ST,7,0.348
27,57 ST-7 AV,NQRW,40.764755,-73.980646,MTA,3002581.0,8.266881470651601,154.20211007475075,5.201175988819254,5.6,,,
28,96 ST,123,40.79388,-73.972363,MTA,2915529.0,8.229717069478406,156.25316322843634,6.2910055053619445,6.7,86 ST,1,0.396
29,34 ST-PENN STA,123,40.750329,-73.991096,MTA,2822355.0,8.188688984451431,159.19711013084287,7.855275170246941,8.4,THIRTY THIRD ST,1,0.184
31,JAMAICA CENTER,EJZ,40.702131,-73.80111,MTA,2723865.0,8.143820562408791,159.03739948462783,7.770412729681469,8.3,SUTPHIN-ARCHER,EJZ,0.376
32,JAY ST-METROTEC,ACF,40.692338,-73.987342,MTA,2705287.0,8.13517548777794,156.38461001667798,6.360849911599328,6.7,BERGEN ST,FG,0.465
33,33 ST,6,40.746119,-73.981826,MTA,2585529.0,8.077980739042278,158.2220479426955,7.337174724532889,7.7,28 ST,6,0.244
34,BOROUGH HALL,2345R,40.692404,-73.990151,MTA,2574230.0,8.072448366980385,157.468445135105,6.936746982333357,7.3,JAY ST-METROTEC,R,0.222
35,DELANCEY/ESSEX,FJMZ,40.71838,-73.987813,MTA,2572805.0,8.071748915090645,156.74423339670997,6.551936219476551,6.8,EAST BROADWAY,F,0.349
36,161/YANKEE STAD,4BD,40.827888,-73.925736,MTA,2379165.0,7.972907565037818,156.3564476322476,6.345885795358203,6.5,167 ST,BD,0.558
37,BEDFORD AV,L,40.717241,-73.956614,MTA,2375038.0,7.970714472535674,156.25629357459474,6.292668818491732,6.5,LORIMER ST,GL,0.351
38,BOWLING GREEN,45,40.704782,-74.014099,MTA,2339114.0,7.951461862819926,150.36731386855215,3.163552493820454,3.6,,,
39,125 ST,ABCD,40.811056,-73.952386,MTA,2229349.0,7.890749455337452,157.39516566720908,6.8978098504867305,7.1,116 ST,BC,0.432
40,FOREST HILLS 71,EFMR,40.721681,-73.84439,MTA,2226866.0,7.889341753354995,157.86416232490143,7.147011778673964,7.4,75 AV,EF,0.436
41,72 ST-2 AVE,Q,40.768589,-73.958507,MTA,2215714.0,7.8829998662051715,155.5668386756303,5.926326143331781,6.0,,,
42,CONEY IS-STILLW,DFNQ,40.577423,-73.981225,MTA,2198765.0,7.8732999752413395,155.0408590515165,5.646846248610782,5.7,,,
43,23 ST,6,40.740088,-73.986429,MTA,2192894.0,7.869922564953071,156.39712579473212,6.367500185055863,6.5,28 ST,6,0.237
44,125 ST,456,40.804406,-73.93745200000002,MTA,2176929.0,7.860692450147438,157.13464731692846,6.759383117261082,6.9,116 ST,6,0.457
45,49 ST,NQRW,40.760139,-73.984112,MTA,2137958.0,7.837874111226834,153.61217244329666,4.8877119313312,5.0,,,
46,168 ST,1AC,40.840778,-73.94009100000002,MTA,2094876.0,7.812159514929777,155.83967405555512,6.071297544811523,6.1,175 ST,A,0.455
47,CHAMBERS ST,23ACE,40.71433,-74.008563,MTA,2092316.0,7.810614910635984,156.73329460420376,6.546123879154125,6.6,PARK PLACE,23ACE,0.088
48,66 ST-LINCOLN,1,40.773424,-73.98223399999998,MTA,2026278.0,7.7701030448239585,157.35462053423097,6.8762661461744585,7.0,79 ST,1,0.731
49,23 ST,NRW,40.741006,-73.989315,MTA,2017646.0,7.764710308325863,155.64055979868533,5.965497949169031,6.0,,,
51,50 ST,1,40.761675,-73.983908,MTA,2003840.0,7.756037033497517,154.50294305944288,5.3610239506714334,5.4,,,
52,86 ST-2 AVE,Q,40.777676,-73.951546,MTA,1998636.0,7.752752233814848,156.0339588025346,6.174530974667678,6.2,96 ST-2 AVE,Q,0.449
53,CROWN HTS-UTICA,34,40.669279,-73.932967,MTA,1998178.0,7.752462731769849,155.3691147607385,5.82126530754203,5.8,,,
54,8 AV,ACEL,40.740388,-74.002104,MTA,1986979.0,7.7453631127182065,155.6060542716399,5.947163396604947,6.0,,,
55,57 ST,F,40.763625,-73.977449,MTA,1986021.0,7.744753930740732,154.6650478833864,5.4471585404016425,5.4,,,
56,THIRTY THIRD ST,1,40.748931,-73.988113,PATH,1983427.0,7.7431029575903345,155.61389678186927,5.9513305236813006,6.0,,,
57,5 AV/53 ST,EM,40.760179,-73.975196,MTA,1975845.0,7.7382649219173345,152.9514564545149,4.536639710052043,4.6,,,
58,SUTPHIN-ARCHER,EJZ,40.700488,-73.80793299999998,MTA,1912598.0,7.6971686344159185,152.58094499713368,4.3397680094109825,4.3,,,
59,KEW GARDENS,EF,40.714444,-73.830979,MTA,1903218.0,7.690958280044218,154.36595165725976,5.288233407265248,5.2,,,
60,CORTLANDT ST,NRW,40.710662,-74.011052,MTA,1887561.0,7.680523515616564,148.959318971449,2.4154127416900915,2.9,,,
61,B'WAY-LAFAYETTE,6BDFQ,40.725297,-73.996204,MTA,1884705.0,7.678610775041318,158.38373733798875,7.4230885757589675,7.5,2 AV,F,0.36
62,TIMES SQ-42 ST,1237ACENQRS,40.755905,-73.98650400000002,MTA,1877378.0,7.673690397112652,152.76150787031906,4.435710305414157,4.4,,,
63,GRAND ST,BD,40.718542,-73.994164,MTA,1843015.0,7.650355026759429,155.67976585701302,5.986330134583664,5.9,,,
64,77 ST,6,40.773636,-73.959875,MTA,1817552.0,7.632781120379285,156.69735009042552,6.527024719289392,6.5,68ST-HUNTER CO,6,0.437
65,23 ST,CE,40.745924,-73.998005,MTA,1801587.0,7.621636466875116,157.98402278671378,7.210699776673826,7.3,8 AV,ACEL,0.438
66,JUNCTION BLVD,7,40.749143,-73.869452,MTA,1782362.0,7.608084298555923,159.22501222227487,7.870100979495825,8.0,,,
67,3 AV-149 ST,25,40.816132,-73.917754,MTA,1780449.0,7.606727790675242,160.36065184556082,8.473524435093996,8.8,JACKSON AV,25,0.523
68,145 ST,ABCD,40.824787,-73.944232,MTA,1779737.0,7.606222539415192,154.1012401732338,5.14757864746982,5.0,,,
69,WALL ST,45,40.707466,-74.01186700000002,MTA,1772108.0,7.6007961073362065,150.0255320360754,2.981946313316588,3.2,,,
71,CITY / BUS,1,40.756901,-73.990279,PATH,1726693.0,7.568001339340311,156.1216595578624,6.221130874630069,6.1,42 ST-PORT AUTH,1237ACEGNRSW,0.038
72,DEKALB AV,BDNQR,40.690612,-73.981848,MTA,1714048.0,7.55871661743683,157.13152598855825,6.757724595743701,6.7,JAY ST-METROTEC,R,0.24
73,1 AV,L,40.730901,-73.981719,MTA,1689828.0,7.540740005993853,156.93794120924497,6.654863094533987,6.6,3 AV,L,0.329
74,191 ST,1,40.855176,-73.929384,MTA,1670279.0,7.526041390360447,152.74092287029353,4.424772441329288,4.3,,,
75,WALL ST,23,40.706864,-74.009056,MTA,1667223.0,7.523728089973158,151.68602502247586,3.8642512235231035,3.8,,,
76,WHITEHALL S-FRY,1RW,40.703082,-74.01298299999998,MTA,1652659.0,7.512644998886496,149.7153507751244,2.8171311338292324,3.0,,,
77,MYRTLE-WYCKOFF,LM,40.699707,-73.91181,MTA,1638813.0,7.502017359297231,157.77540420175757,7.099850045073207,7.1,SENECA AVE,M,0.301
78,14 ST,ACEL,40.740388,-74.002104,MTA,1617544.0,7.485515938858852,155.6060542716399,5.947163396604947,5.8,,,
79,METS-WILLETS PT,7,40.754622,-73.845625,MTA,1609263.0,7.479032419057535,158.6633831178046,7.571678691267344,7.6,,,
80,WOODHAVEN BLVD,MR,40.73308,-73.869259,MTA,1596722.0,7.469149778705613,157.36553706117542,6.882066655664346,6.8,,,
81,JAMAICA 179 ST,F,40.712622,-73.783815,MTA,1590573.0,7.4642758085643575,160.86061777046734,8.739181920005858,9.0,,,
82,51 ST,6,40.757108,-73.97187,MTA,1578929.0,7.4549944144519955,155.02357256189518,5.637661051926418,5.4,,,
83,BROOKLYN BRIDGE,456JZ,40.71315900000001,-74.003917,MTA,1576736.0,7.453238724181291,156.1717629066775,6.2477533482204,6.1,WALL ST,45,0.573
84,LEXINGTON AV/63,F,40.764763,-73.966291,MTA,1573257.0,7.450448461371932,154.07601741698352,5.134176506135389,4.9,,,
85,103 ST-CORONA,7,40.749858,-73.862672,MTA,1571562.0,7.449086784115084,157.64455579362527,7.030323588813918,6.9,,,
86,50 ST,CE,40.762439,-73.985989,MTA,1569544.0,7.4474637086115,154.50294305944288,5.3610239506714334,5.1,,,
87,86 ST,1,40.788844,-73.97599,MTA,1565486.0,7.444193535991117,154.1012401732338,5.14757864746982,4.9,,,
88,CANAL ST,ACE,40.720852,-74.005237,MTA,1564370.0,7.443292711987205,155.51977325942283,5.901317878821883,5.7,,,
89,WORLD TRADE CTR,23ACE,40.712557,-74.009807,MTA,1556457.0,7.436886924958923,153.18872295046458,4.662711543006724,4.4,,,
90,ASTORIA DITMARS,NQW,40.774984,-73.91206700000002,MTA,1526549.0,7.412377861290334,158.17383556048608,7.3115570182827065,7.2,30 AV,NQW,0.746
91,RECTOR ST,1,40.70784,-74.01369100000002,MTA,1515985.0,7.403605938679119,151.47936774352206,3.754443634184163,3.6,,,
92,81 ST-MUSEUM,BC,40.781435,-73.972149,MTA,1509457.0,7.398154739108336,149.7025528026876,2.8103309160540406,2.9,,,
93,68ST-HUNTER CO,6,40.768143,-73.964016,MTA,1507655.0,7.396645828541112,154.95441671511372,5.600915011031019,5.3,,,
94,96 ST-2 AVE,Q,40.783485,-73.94768,MTA,1504150.0,7.393705732872213,155.54487572464726,5.914656103377581,5.7,,,
95,KINGS HWY,BQ,40.608691,-73.95777199999998,MTA,1482837.0,7.375678929700707,156.4080766779594,6.3733189497972145,6.2,AVENUE M,BQ,0.618
96,5 AV/59 ST,NQRW,40.764909,-73.973372,MTA,1441779.0,7.340209225526272,151.52866058058763,3.780635441398754,3.6,,,
97,CHAMBERS ST,123,40.715436,-74.009335,MTA,1436563.0,7.335631015025253,156.53789281869103,6.442296909553533,6.2,PARK PLACE,23ACE,0.166
98,NOSTRAND AV,AC,40.68041,-73.950326,MTA,1411190.0,7.313120725137478,157.5058576587992,6.956626171001381,6.8,FRANKLIN AV,ACS,0.305
99,FLATBUSH AV-B.C,25,40.632836,-73.947642,MTA,1402215.0,7.3050613054956095,156.9629267983814,6.668139216842258,6.4,NEWKIRK AV,25,0.493
100,7 AV,BDE,40.762877,-73.98159,MTA,1397806.0,7.301083172821443,153.40684244455775,4.778609593902632,4.4,,,
101,JFK JAMAICA CT1,E,40.643942,-73.78235600000002,MTA,1386704.0,7.291010265542887,158.71151863012682,7.597255552612134,7.5,,,
102,8 ST-NYU,NRW,40.730348,-73.992705,MTA,1382024.0,7.286739890012948,157.86883309191478,7.149493596245048,7.0,,,
103,GRAND-NEWTOWN,MR,40.736998,-73.87724200000002,MTA,1370570.0,7.276227108938363,156.94106451989842,6.656522669339907,6.4,ELMHURST AV,MR,0.451
104,NEWARK C,1,40.750912,-73.977026,PATH,1357335.0,7.263969713269002,154.7153928219541,5.473909382992454,5.1,,,
105,QUEENSBORO PLZ,7NQW,40.750508,-73.940177,MTA,1356159.0,7.262874802878377,156.3345417517541,6.3342460798760625,6.0,,,
106,CHURCH AV,BQ,40.650494,-73.962836,MTA,1324069.0,7.232625259427133,154.09335828890826,5.1433905989209485,4.7,,,
107,149/GRAND CONC,245,40.818429,-73.926927,MTA,1321983.0,7.230633595244215,157.6429977371714,7.0294957136763045,6.8,,,
108,90 ST-ELMHURST,7,40.748541,-73.876791,MTA,1315577.0,7.224497592653584,157.33746520329157,6.867150640810694,6.6,82 ST-JACKSON H,7,0.372
109,UTICA AV,AC,40.679279,-73.930585,MTA,1313538.0,7.222538261590656,159.38307632563706,7.954088527571031,7.9,RALPH AV,C,0.515
110,PRINCE ST,NRW,40.724332,-73.99768399999998,MTA,1296832.0,7.20636951216048,157.40608074484555,6.903609589885083,6.6,,,
111,BLEECKER ST,6DF,40.725665,-73.995645,MTA,1269796.0,7.17975639980435,158.38373733798875,7.4230885757589675,7.2,2 AV,F,0.344
112,STEINWAY ST,MR,40.756864,-73.920736,MTA,1268041.0,7.178009316718752,155.6452647934581,5.967997953700537,5.6,,,
113,CHRISTOPHER ST,1,40.733405,-74.002898,MTA,1258050.0,7.168017088930327,155.54487572464726,5.914656103377581,5.5,,,
114,82 ST-JACKSON H,7,40.747647,-73.883786,MTA,1240247.0,7.150013604365999,155.04400194342628,5.6485162279403935,5.2,,,
115,116 ST,23,40.802098,-73.949625,MTA,1236098.0,7.145780755274368,157.889072258558,7.160247701353621,6.9,CENTRAL PK N110,23,0.236
116,2 AV,F,40.723291,-73.989873,MTA,1232958.0,7.142567841755327,155.4130645664149,5.844618088715144,5.4,,,
117,SOUTH FERRY,1RW,40.703082,-74.01298299999998,MTA,1230783.0,7.1403375359378485,149.7153507751244,2.8171311338292324,2.6,,,
118,96 ST,6,40.785822,-73.95097,MTA,1222160.0,7.131456312169558,155.65624283056812,5.973831146689562,5.5,,,
119,23 ST,1,40.74407100000001,-73.99562399999998,MTA,1218979.0,7.12816422368456,157.68662031684647,7.052674622926992,6.8,28 ST,1,0.248
120,ASTOR PL,6,40.730056,-73.99104200000002,MTA,1210737.0,7.119594262472551,157.16429834368466,6.775138225360857,6.4,,,
121,PARKCHESTER,6,40.833246,-73.860805,MTA,1210475.0,7.119320881320569,156.8207939454546,6.592616757508765,6.2,ST LAWRENCE AV,6,0.377
122,79 ST,1,40.783872,-73.979938,MTA,1201114.0,7.109514218888568,154.9449851461199,5.595903535702712,5.1,,,
123,VERNON-JACKSON,7,40.742624,-73.95354499999998,MTA,1191785.0,7.09966474531979,157.468445135105,6.936746982333357,6.6,COURT SQ,7,0.526
124,63 DR-REGO PARK,MR,40.729869,-73.86161,MTA,1182425.0,7.089704751641992,159.63704870211217,8.089037049880995,8.0,,,
125,HOUSTON ST,1,40.728202,-74.005344,MTA,1176825.0,7.083708015049452,156.80360855853684,6.583485281865372,6.2,CHRISTOPHER ST,1,0.381
126,125 ST,23,40.808076,-73.94590600000002,MTA,1169498.0,7.075818689102008,157.28755330410632,6.840629894207399,6.5,CENTRAL PK N110,23,0.692
127,28 ST,NRW,40.745574,-73.988682,MTA,1130092.0,7.032522013620144,155.99949800233915,6.156220187768189,5.7,,,
128,135 ST,23,40.814459,-73.94099200000002,MTA,1122619.0,7.024141103376645,157.2469938758871,6.8190785941019225,6.4,HARLEM 148 ST,3,0.692
129,23 ST,FM,40.742981,-73.992727,MTA,1117092.0,7.017906648914808,156.4878497843909,6.415706484152006,6.0,,,
130,116 ST,6,40.798574,-73.94159300000003,MTA,1116693.0,7.017455383943019,156.24220676293595,6.285183774473183,5.8,,,
131,KINGSBRIDGE RD,BD,40.866974,-73.893485,MTA,1108898.0,7.0086068232753,154.05236916350583,5.121610978709463,4.5,,,
132,36 ST,DNR,40.65515,-74.003477,MTA,1102198.0,7.0009514102471515,155.7268064346571,6.011325201093593,5.5,,,
133,CANARSIE-ROCKAW,L,40.64666,-73.901832,MTA,1073992.0,6.968204592230498,157.81745073302778,7.122191519141871,6.7,,,
134,28 ST,1,40.747224,-73.99336,MTA,1070979.0,6.964655820324992,155.5699761100924,5.927993222840133,5.4,,,
135,42 ST-PORT AUTH,1237ACEGNRSW,40.757303,-73.98978699999998,MTA,1063877.0,6.956251283632202,156.18898402435366,6.25690380944449,5.7,,,
136,SHEEPSHEAD BAY,BQ,40.58681,-73.954167,MTA,1061005.0,6.952836603903796,155.8302700246007,6.06630070185296,5.5,,,
137,MARCY AV,JMZ,40.708377,-73.957751,MTA,1053680.0,6.944085481163618,156.83797836293903,6.601747718042625,6.1,HEWES ST,JM,0.244
138,EUCLID AV,AC,40.675382,-73.87207,MTA,1045749.0,6.934541514410353,156.9519958551501,6.662331047241316,6.2,80 ST,A,0.742
139,EAST BROADWAY,F,40.713647,-73.990152,MTA,1038041.0,6.92519628792506,156.1795908084591,6.251912713080759,5.7,,,
140,46 ST BLISS ST,7,40.743079,-73.918419,MTA,1035596.0,6.922217453081091,158.41792994136142,7.441256855959809,7.1,,,
141,FRANKLIN AV,2345S,40.670711,-73.958051,MTA,1024776.0,6.908950056598978,154.16113575216218,5.1794042341004065,4.5,,,
142,137 ST CITY COL,1,40.821994,-73.95367399999998,MTA,1019271.0,6.902146005137852,154.4950716757996,5.3568414816724745,4.7,,,
143,86 ST,R,40.622715,-74.028368,MTA,1016646.0,6.898888616527279,157.85014959608566,7.139566098661579,6.7,BAY RIDGE-95 ST,R,0.442
144,ST. GEORGE,1,40.643738,-74.073622,MTA,1011649.0,6.8926644786880855,153.63111890680852,4.897779157103594,4.2,,,
145,59 ST,NRW,40.641426,-74.017972,MTA,1007448.0,6.8874079841362015,156.46751744998147,6.404902874240777,5.9,,,
147,103 ST,1,40.799354,-73.968329,MTA,998247.0,6.875818255183695,156.2969851407491,6.314290330245183,5.7,,,
148,BRIGHTON BEACH,BQ,40.577961,-73.96180600000002,MTA,995861.0,6.872795367127293,156.00576389335183,6.159549576360947,5.6,,,
149,CATHEDRAL PKWY,1,40.804032,-73.96674200000002,MTA,987181.0,6.8617370082453375,156.7145414742322,6.536159381386794,6.0,,,
150,116 ST-COLUMBIA,1,40.80819,-73.964124,MTA,982406.0,6.855612106142081,154.69651445402738,5.463878339889677,4.8,,,
151,5 AVE,7BDFM,40.753824,-73.981966,MTA,978552.0,6.8506468223998525,154.16428782105586,5.181079089631238,4.5,,,
152,SPRING ST,CE,40.726202,-74.00362700000002,MTA,978383.0,6.850428644679905,154.61784187500731,5.422075572075231,4.7,,,
153,PROSPECT AV,25,40.81939600000001,-73.90146700000003,MTA,977091.0,6.8487594360367865,157.18770501357372,6.7875753870615325,6.3,INTERVALE AV,25,0.313
154,103 ST,6,40.790582,-73.947473,MTA,971905.0,6.842037061840682,155.62958119349466,5.959664454329693,5.3,,,
155,175 ST,A,40.847369,-73.939683,MTA,970741.0,6.8405232933608175,154.13907034604202,5.167679754488059,4.5,,,
156,DEKALB AV,L,40.703839,-73.91844,MTA,967938.0,6.83687056321982,157.56352632589346,6.9872684853978075,6.5,,,
157,QUEENS PLAZA,EMR,40.748948,-73.93719399999998,MTA,945213.0,6.806859929699431,157.68973597725628,7.054330132766916,6.6,COURT SQ,EGM,0.432
158,ELMHURST AV,MR,40.742445,-73.882005,MTA,942475.0,6.803195523347961,155.35184701984184,5.812090073014642,5.1,,,
159,COURT SQ,EGM,40.747257,-73.945112,MTA,936738.0,6.795482755048205,155.77540736548383,6.037149363110653,5.4,,,
160,MYRTLE AV,JMZ,40.697266,-73.935692,MTA,936276.0,6.7948595929158815,156.78173484555523,6.571862658628688,6.0,,,
161,HIGH ST,AC,40.699316,-73.990474,MTA,930238.0,6.786686932275478,154.27931576619525,5.242199324187274,4.5,,,
162,TREMONT AV,BD,40.850307,-73.905244,MTA,927902.0,6.783510828173517,154.7971854442547,5.517369989490367,4.8,,,
163,ASTORIA BLVD,NQW,40.770426,-73.917614,MTA,920996.0,6.774074224078159,157.48091648540364,6.943373649049509,6.4,30 AV,NQW,0.318
164,8 AV,N,40.635011,-74.011717,MTA,918481.0,6.770620051819451,156.81923167761494,6.591786644646331,6.0,,,
165,SPRING ST,6,40.722397,-73.997211,MTA,918051.0,6.770028530969236,157.4216730362239,6.911894572331352,6.4,CHAMBERS ST,456JZ,0.728
166,111 ST,7,40.75176,-73.855183,MTA,907501.0,6.755428183878999,157.09406755654786,6.737821013637595,6.2,,,
167,FORDHAM RD,BD,40.862803,-73.901034,MTA,905842.0,6.753116828946871,157.3218686113679,6.858863373264585,6.3,182-183 STS,BD,0.464
168,PROSPECT PARK,BQS,40.661596,-73.962193,MTA,882678.0,6.7203945054391445,154.75471896373801,5.4948053748934225,4.7,,,
169,YORK ST,F,40.699756,-73.98689,MTA,869729.0,6.701726012923897,156.5003613147221,6.422354500575943,5.8,,,
170,157 ST,1,40.833879,-73.944726,MTA,867097.0,6.697897501040247,153.41948219218568,4.785325738738673,4.0,,,
171,181 ST,1,40.84949500000001,-73.93363199999997,MTA,865540.0,6.695627211548564,158.17383556048608,7.3115570182827065,6.8,191 ST,1,0.451
172,170 ST,4,40.840048,-73.917775,MTA,865242.0,6.695192226837702,156.4534404222547,6.397423028926054,5.7,,,
174,BURNSIDE AV,4,40.85339000000001,-73.907733,MTA,851044.0,6.674292167792706,155.00157014522512,5.625970041832775,4.8,,,
175,HOYT-SCHER,ACG,40.688465,-73.985474,MTA,843223.0,6.6626298838070905,157.0222593661567,6.6996656468314715,6.1,BERGEN ST,FG,0.326
176,HUNTS POINT AV,6,40.820889,-73.890567,MTA,843059.0,6.662384178951467,157.37177490135005,6.8853811394111695,6.3,,,
177,34 ST-HUDSON YD,7,40.755069,-74.001008,MTA,841386.0,6.659874955472692,155.37225424417008,5.822933475772714,5.0,,,
178,21 ST-QNSBRIDGE,F,40.7541,-73.94258,MTA,835550.0,6.651082693043759,154.09493468228158,5.144228217402391,4.3,,,
179,NEWKIRK PLAZA,BQ,40.63505900000001,-73.962793,MTA,832574.0,6.6465755104676365,154.8695219934021,5.55580610034591,4.7,,,
180,BERGEN ST,FG,40.686154,-73.990881,MTA,831984.0,6.6456800360331725,155.53546254394288,5.909654398688582,5.1,,,
181,FORDHAM RD,4,40.862941,-73.901199,MTA,828348.0,6.640147430274364,156.4628251797954,6.402409630933462,5.7,,,
182,CHURCH AV,FG,40.644039,-73.979541,MTA,824688.0,6.6345537250386055,155.85064505654447,6.077126999149517,5.3,,,
183,CARROLL ST,FG,40.680231,-73.99498,MTA,824376.0,6.634075736831116,155.1398444556883,5.699442260069327,4.9,,,
184,BEDFORD-NOSTRAN,G,40.689636,-73.953459,MTA,815706.0,6.620720313003976,156.95980371174318,6.666479761067105,6.0,,,
185,14TH STREET,1,40.737434,-73.996785,PATH,814460.0,6.6187892947025,157.468445135105,6.936746982333357,6.3,6 AV,123FLM,0.008
186,110 ST,6,40.795066,-73.94429699999998,MTA,813018.0,6.6165508295318425,155.7471884185631,6.022155192323465,5.2,,,
187,181 ST,A,40.851686,-73.937967,MTA,808597.0,6.609663134145582,155.12099259108572,5.6894252995391605,4.9,,,
188,30 AV,NQW,40.766843,-73.921423,MTA,801832.0,6.599050361346433,155.7268064346571,6.011325201093593,5.2,,,
189,NEVINS ST,2345,40.688269,-73.980453,MTA,797633.0,6.592417938217933,155.54487572464726,5.914656103377581,5.1,,,
190,7 AV,BQ,40.677172,-73.972514,MTA,794675.0,6.587724709860859,155.94309916175922,6.126252597190469,5.3,,,
191,CHAMBERS ST,456JZ,40.71315900000001,-74.003917,MTA,790186.0,6.580568885336768,156.1717629066775,6.2477533482204,5.5,,,
192,28 ST,6,40.743095,-73.984251,MTA,760748.0,6.532610203167182,155.8334047339793,6.067966333384973,5.2,,,
193,GRAHAM AV,L,40.71459,-73.94410400000002,MTA,755048.0,6.523109926785174,157.33122666213296,6.863835784595192,6.2,GRAND ST,L,0.26
194,40 ST LOWERY ST,7,40.743778000000006,-73.923998,MTA,754306.0,6.521867951584368,157.5806689663382,6.9963772476522434,6.3,,,
195,HOWARD BCH JFK,A,40.660476,-73.830301,MTA,745662.0,6.507308746428827,158.79224513379333,7.640149675714194,7.1,AQUEDUCT N.COND,A,0.571
196,BROADWAY JCT,ACJLZ,40.678848,-73.904139,MTA,745456.0,6.506959722418575,158.1411712492386,7.294200797908257,6.7,ATLANTIC AV,L,0.241
197,145 ST,1,40.826426,-73.950412,MTA,743236.0,6.503192263409864,155.7330779602503,6.014657583627375,5.2,,,
198,CENTRAL PK N110,23,40.79911,-73.95180699999997,MTA,729647.0,6.479882832743338,156.16236915827048,6.242761968905582,5.4,,,
199,96 ST,BC,40.791654,-73.964682,MTA,729128.0,6.478983999434309,150.56517533577508,3.2686864182038797,2.4,,,
200,BROOK AV,6,40.808044,-73.919234,MTA,724070.0,6.47019061862662,156.91451535905975,6.642415741360285,5.9,,,
201,231 ST,1,40.878867,-73.90485799999998,MTA,719824.0,6.462761350648978,157.2859934257539,6.839801051001848,6.1,MARBLE HILL-225,1,0.397
202,METROPOLITAN AV,GL,40.713875,-73.951592,MTA,717776.0,6.459162264220737,157.64767188271205,7.031979326431839,6.3,GRAND ST,L,0.59
203,GREENPOINT AV,G,40.731324,-73.954425,MTA,716843.0,6.457519235252416,155.21209905306955,5.7378348257571075,4.8,,,
204,INWOOD-207 ST,A,40.868045,-73.919921,MTA,708571.0,6.442857867915209,153.67847983940442,4.922944444595654,3.9,,,
205,SIMPSON ST,25,40.82417,-73.89322800000002,MTA,704383.0,6.4353696234272775,156.43467003839476,6.387449363284758,5.5,,,
206,167 ST,BD,40.833773,-73.91843,MTA,698681.0,6.4251024188346975,152.6538168146489,4.378488535746191,3.3,,,
207,CHURCH AV,25,40.650843,-73.949575,MTA,692185.0,6.413302908713669,156.62544832930655,6.488819633566457,5.6,,,
208,167 ST,4,40.835535,-73.92138,MTA,691391.0,6.4118530769040945,156.73485731290486,6.546954226268807,5.7,,,
209,SUTTER AV-RUTLD,3,40.664591,-73.922668,MTA,686502.0,6.402888981710232,157.9451121975975,7.190024589173789,6.5,SARATOGA AV,3,0.397
210,4AV-9 ST,DFGMNR,40.67032,-73.98875699999998,MTA,679020.0,6.389046197705422,156.672342708317,6.5137370172596505,5.7,,,
211,NASSAU AV,G,40.724608,-73.95127099999998,MTA,678374.0,6.387843859300487,155.55899494733387,5.9221583690340776,5.0,,,
212,MORISN AV/SNDVW,6,40.829495,-73.87455899999998,MTA,668194.0,6.368744101670567,156.8161071178995,6.590126406149842,5.7,,,
213,46 ST,MR,40.756312,-73.913333,MTA,664511.0,6.361762277759332,158.3184499618507,7.388398051310578,6.7,STEINWAY ST,MR,0.39
214,TWENTY THIRD ST,1,40.742933,-73.992909,PATH,664254.0,6.361273642229358,157.68662031684647,7.052674622926992,6.3,28 ST,1,0.297
215,33 ST-RAWSON ST,7,40.74455800000001,-73.930993,MTA,655173.0,6.343885416873228,159.032746475313,7.7679403476844575,7.2,QUEENSBORO PLZ,7NQW,0.633
216,53 ST,R,40.644959,-74.014034,MTA,653984.0,6.34159090486073,154.1185795924541,5.156791968359137,4.1,,,
217,BEDFORD PK BLVD,BD,40.873026,-73.88691899999998,MTA,653895.0,6.341418986391847,155.7660013416167,6.032151461215572,5.1,,,
218,KINGSBRIDGE RD,4,40.867899,-73.897326,MTA,652686.0,6.339081278837793,163.05769761297134,9.906602890183636,9.9,FORDHAM RD,4,0.398
219,BEDFORD PK BLVD,4,40.873399,-73.890084,MTA,650271.0,6.334398672561605,156.62857484600912,6.49048091191038,5.6,,,
220,HALSEY ST,L,40.695607,-73.904021,MTA,650110.0,6.334085880763391,155.855346792653,6.079625272185912,5.1,,,
221,169 ST,F,40.710459,-73.7936,MTA,647723.0,6.329439292513751,157.36865599719113,6.883723906001335,6.1,,,
222,FLUSHING AV,JM,40.700244,-73.94165799999998,MTA,644005.0,6.3221675313713215,159.22656226430496,7.870924596159897,7.3,MYRTLE AV,JMZ,0.375
223,18 ST,1,40.741096,-73.997877,MTA,643924.0,6.322008642605685,157.889072258558,7.160247701353621,6.4,6 AV,123FLM,0.264
224,JEFFERSON ST,L,40.706636,-73.922925,MTA,640180.0,6.314642553538814,160.32667424446612,8.455470396607566,8.0,MORGAN AV,L,0.538
225,NORWOOD 205 ST,D,40.874827,-73.878872,MTA,637451.0,6.309246219200578,154.82549311378676,5.532411303141916,4.5,,,
226,67 AV,MR,40.726462,-73.85263,MTA,624872.0,6.284070024325158,157.9357729202353,7.185062153112978,6.4,,,
227,MOSHOLU PKWY,4,40.87963,-73.88466600000002,MTA,623129.0,6.280541583567515,154.01610489922734,5.102341919038638,4.0,,,
228,116 ST,BC,40.805072,-73.954833,MTA,620406.0,6.275009478546441,157.13308665673566,6.758553858623705,5.9,,,
229,125 ST,1,40.815596,-73.958395,MTA,616652.0,6.267342828617988,154.1705918598691,5.1844287481029205,4.1,,,
230,WOODLAWN,4,40.885973,-73.878851,MTA,613663.0,6.261205059546585,148.4279754905774,2.1330827553433998,1.3,,,
231,MORGAN AV,L,40.706148,-73.93316,MTA,613498.0,6.260865369754607,156.61606858650072,6.4838356961443555,5.5,,,
232,36 ST,MR,40.75202,-73.92874,MTA,607635.0,6.248735382138947,159.43884429299126,7.983720902914865,7.4,STEINWAY ST,MR,0.537
233,3 AV 138 ST,6,40.810512,-73.926165,MTA,603554.0,6.240222896068174,154.883672770428,5.5633251324378605,4.5,,,
234,BAY PKWY,D,40.601898,-73.993821,MTA,601304.0,6.235505012147742,154.7153928219541,5.473909382992454,4.4,,,
235,FRANKLIN AV,ACS,40.681159,-73.956056,MTA,599758.0,6.232253058125825,156.49254166856852,6.418199522353272,5.5,,,
236,OZONE PK LEFFRT,A,40.685975,-73.824713,MTA,598963.0,6.230577539837348,158.19249931792126,7.321474027847217,6.5,111 ST,A,0.408
237,AVENUE U,BQ,40.599307,-73.955916,MTA,594323.0,6.22075382566446,155.1021395511711,5.679407714505537,4.6,,,
238,AVENUE J,BQ,40.625028,-73.960819,MTA,588626.0,6.2085868217023705,156.40651229021478,6.372487710520773,5.4,,,
239,ROCKAWAY BLVD,A,40.680429,-73.843853,MTA,588481.0,6.208275612696707,158.69909728470537,7.590655456046555,6.9,104 ST,A,0.339
240,GUN HILL RD,25,40.877796,-73.86625500000002,MTA,588091.0,6.207438187145133,154.91197233608312,5.578362140084819,4.5,,,
241,ROOSEVELT ISLND,F,40.759123,-73.953266,MTA,578689.0,6.187079922071187,148.3781629765527,2.106614817162574,1.3,,,
242,V.CORTLANDT PK,1,40.889185,-73.898549,MTA,575541.0,6.180189536315544,156.63795420343416,6.495464644559933,5.5,,,
243,PELHAM BAY PARK,6,40.852465,-73.828125,MTA,574833.0,6.178634665368056,156.17802524423928,6.251080848682849,5.2,,,
244,BAY PKWY,N,40.612006,-73.98200899999998,MTA,573002.0,6.174604625492103,155.23094524041315,5.747848769669014,4.6,,,
245,E 180 ST,25,40.841882,-73.873551,MTA,565921.0,6.158897166998208,157.87506067037114,7.152802627415773,6.3,BRONX PARK EAST,25,0.547
246,RECTOR ST,NRW,40.707222,-74.013391,MTA,565413.0,6.15776274929266,151.0847307537179,3.5447528033857063,2.3,,,
247,GRAND ST,L,40.711874,-73.94067,MTA,565155.0,6.157186217689557,156.60043503943143,6.475528792437959,5.5,,,
248,CANAL ST,1,40.722819,-74.00626700000002,MTA,564105.0,6.154837149774593,157.7240061467611,7.072539627823717,6.2,FRANKLIN ST,1,0.244
249,DYCKMAN ST,1,40.860523,-73.925575,MTA,555424.0,6.135246754145175,152.9688623818035,4.545888370082031,3.3,,,
250,MONTROSE AV,L,40.707889,-73.940005,MTA,548453.0,6.1192923618965755,156.9972786397834,6.686392108358097,5.7,,,
251,GRANT AV,A,40.677107,-73.865376,MTA,545434.0,6.1123198085054895,158.50184108582468,7.485843141711907,6.7,80 ST,A,0.371
252,3 AV,L,40.733243,-73.987169,MTA,545196.0,6.111768493747452,157.45909128824928,6.9317768047549375,6.0,,,
253,NEWKIRK AV,25,40.639961,-73.948352,MTA,543206.0,6.107149319736021,157.10655421169423,6.7444558126026966,5.8,,,
254,GATES AV,JZ,40.689652,-73.92228100000001,MTA,541696.0,6.103633012520733,154.99528344626663,5.622629596913408,4.4,,,
255,45 ST,R,40.648866,-74.010086,MTA,539940.0,6.099531501776157,155.81459599175415,6.057972285981005,4.9,,,
256,BAY RIDGE AV,R,40.634945,-74.023411,MTA,537951.0,6.094869627852619,153.41948219218568,4.785325738738673,3.5,,,
257,CLINTON-WASH AV,C,40.683263,-73.965838,MTA,533946.0,6.085430071578193,154.7846034059931,5.510684508594312,4.3,,,
258,PARKSIDE AV,BQ,40.655053,-73.96122700000002,MTA,529406.0,6.074643547098843,153.45423875419408,4.803793679026926,3.5,,,
259,FAR ROCKAWAY,A,40.603983,-73.755383,MTA,528796.0,6.073187211723287,156.5003613147221,6.422354500575943,5.4,,,
260,GRAND ARMY PLAZ,23,40.675219,-73.971012,MTA,526161.0,6.066876957467197,154.08862905926196,5.140877717160771,3.9,,,
261,WINTHROP ST,25,40.656648,-73.950198,MTA,525499.0,6.065286643823417,160.72953194718988,8.669529312928661,8.2,CHURCH AV,25,0.402
262,WEST FARMS SQ,25,40.840097,-73.879774,MTA,524678.0,6.063311581352012,158.23137849550662,7.342132524793199,6.5,,,
263,NORTHERN BLVD,MR,40.752898,-73.905973,MTA,523113.0,6.059538118360457,159.7113425162708,8.128513155812781,7.5,65 ST,MR,0.452
264,170 ST,BD,40.839301,-73.91335500000002,MTA,522950.0,6.059144450589852,153.91517263701544,5.048711442260262,3.8,,,
265,KINGSTON-THROOP,C,40.679921,-73.94085799999998,MTA,520070.0,6.052168537692815,156.074680160427,6.196168316296343,5.1,,,
266,207 ST,1,40.864653,-73.918719,MTA,512133.0,6.032741798179821,160.43785978929228,8.514548967217346,8.0,DYCKMAN ST,1,0.458
267,CORTELYOU RD,BQ,40.640905,-73.96386600000002,MTA,505458.0,6.016169439059325,154.29664493713182,5.251407199638953,4.0,,,
268,UNION ST,R,40.67730200000001,-73.983135,MTA,504899.0,6.014771664629683,156.70985301127322,6.5336681610540985,5.5,,,
269,HALSEY ST,J,40.68617,-73.916337,MTA,504418.0,6.013567689225223,155.7707043900189,6.034650431540752,4.9,,,
270,103 ST,BC,40.796105,-73.961399,MTA,503556.0,6.0114071699976686,147.5929008981692,1.6893648840215592,1.0,,,
271,DYCKMAN ST,A,40.865286,-73.92698,MTA,501644.0,6.006601698278866,157.19082576722354,6.789233603200557,5.8,,,
272,HUNTERS PT AV,7,40.74238,-73.94888900000002,MTA,501378.0,6.005931703710503,157.94199913680305,7.188370460642544,6.3,COURT SQ,7,0.37
273,HOYT ST,23,40.690547,-73.985066,MTA,497439.0,5.9959684222162615,156.2688146367881,6.299321899681878,5.2,,,
274,52 ST,7,40.744103,-73.912497,MTA,496030.0,5.992385337651013,160.21853885167812,8.398012527887031,7.8,,,
275,CASTLE HILL AV,6,40.834255,-73.85122199999998,MTA,491470.0,5.98071909731269,156.46908152395798,6.405733946796159,5.3,,,
276,LORIMER ST,GL,40.713875,-73.951592,MTA,490410.0,5.977991704360294,157.64767188271205,7.031979326431839,6.0,,,
277,36 AV,NQW,40.756977,-73.929373,MTA,487832.0,5.971333797622832,155.469562087354,5.874638113218305,4.6,,,
278,183 ST,4,40.858389,-73.903828,MTA,487334.0,5.970043615786054,154.99842681209162,5.624299828058425,4.4,,,
279,ELDER AV,6,40.828894,-73.879559,MTA,486907.0,5.968936325234183,154.80033087190844,5.5190413161905285,4.2,,,
280,174-175 STS,BD,40.845892,-73.910136,MTA,484490.0,5.9626502310657035,156.93794120924497,6.654863094533987,5.6,,,
281,PARSONS BLVD,F,40.707564,-73.803326,MTA,482530.0,5.957529625738803,159.8567827602812,8.20579300130624,7.5,,,
282,174 ST,25,40.837382,-73.887659,MTA,479524.0,5.949635736400994,158.152059739916,7.299986410294522,6.4,FREEMAN ST,25,0.557
283,18 AV,D,40.607958,-74.00178199999998,MTA,472187.0,5.930158733541652,154.99685513326568,5.623464714657331,4.3,,,
284,CITY HALL,NRW,40.713086,-74.007232,MTA,468709.0,5.9208199560607895,156.49254166856852,6.418199522353272,5.3,,,
285,135 ST,BC,40.817902,-73.947644,MTA,468430.0,5.920067813268362,153.123888757673,4.628261818064908,3.2,,,
286,RALPH AV,C,40.678815,-73.920801,MTA,465828.0,5.913031556431456,157.20642905671528,6.797524429507371,5.7,,,
287,6 AV,123FLM,40.737348,-73.9969,MTA,462257.0,5.9033107043697415,156.074680160427,6.196168316296343,5.0,,,
288,182-183 STS,BD,40.856085,-73.900695,MTA,455995.0,5.886081786262432,156.6504595637816,6.502109382555701,5.3,,,
289,15 ST-PROSPECT,FG,40.660376,-73.979509,MTA,452960.0,5.877646146595608,153.41316238490214,4.78196770167167,3.4,,,
290,ROCKAWAY AV,C,40.67836,-73.911939,MTA,449610.0,5.86826910157583,157.0878240372656,6.734503512290223,5.6,,,
291,WESTCHESTER SQ,6,40.839892,-73.842952,MTA,449152.0,5.8669816796314525,159.49769953147472,8.014993703420894,7.2,ZEREGA AV,6,0.3
292,176 ST,4,40.848635,-73.912497,MTA,448312.0,5.8646170535795425,159.29630607894958,7.9079830544740775,7.1,MT EDEN AV,4,0.312
293,79 ST,D,40.613513,-74.00064499999998,MTA,445266.0,5.856005149039492,154.82863824661956,5.534082473188617,4.2,,,
294,COURT SQ-23 ST,EGM,40.747257,-73.945112,MTA,441492.0,5.84525289549654,155.77540736548383,6.037149363110653,4.8,,,
295,KOSCIUSZKO ST,J,40.693329,-73.928826,MTA,440002.0,5.8409825067167285,156.84735127302758,6.606728024892316,5.4,,,
296,BAY RIDGE-95 ST,R,40.616624,-74.030964,MTA,438299.0,5.836083907497975,152.59045102365502,4.344819047834506,2.9,,,
297,AVENUE M,BQ,40.617568,-73.95936,MTA,435343.0,5.827535746827222,156.73798270624917,6.548614907714974,5.4,,,
298,NECK RD,BQ,40.59523400000001,-73.95509,MTA,432093.0,5.818070149073362,154.8962506824398,5.570008420846214,4.2,,,
299,FRANKLIN ST,1,40.719323,-74.006953,MTA,431751.0,5.817069939742953,156.88171614330804,6.624987839318139,5.5,,,
300,STERLING ST,25,40.66275200000001,-73.95060500000002,MTA,427923.0,5.805820235593826,155.02042945757,5.635990959729623,4.3,,,
301,71 ST,D,40.619588,-73.99884200000002,MTA,418125.0,5.776561069622612,154.62885727081854,5.4279286156542845,4.0,,,
302,MYRTLE-WILLOUGH,G,40.694568,-73.949046,MTA,415547.0,5.7687485849937685,158.0353771936616,7.2379870014810885,6.2,FLUSHING AV,G,0.406
303,FT HAMILTON PKY,FG,40.650722,-73.975818,MTA,414681.0,5.766113341393822,154.76258357742202,5.4989842466664935,4.1,,,
304,77 ST,R,40.629702,-74.025514,MTA,414119.0,5.764400225542362,152.2337679915045,4.155295097278138,2.6,,,
305,MT EDEN AV,4,40.844406,-73.914621,MTA,412708.0,5.76008887952902,156.24377199647958,6.286015463165939,5.0,,,
306,NEW LOTS AV,3,40.666252,-73.884087,MTA,407260.0,5.743302900369723,157.41855464162978,6.91023760967937,5.8,,,
307,CLARK ST,23,40.697356,-73.992888,MTA,407000.0,5.742496203529671,155.16183681258394,5.7111279248899365,4.3,,,
308,MARBLE HILL-225,1,40.874551,-73.909879,MTA,404211.0,5.733810270264982,156.76610980304557,6.563560273830078,5.3,,,
309,NEW UTRECHT AV,DN,40.625419,-73.99663199999998,MTA,403239.0,5.730769028613664,155.78638069127936,6.042980052737162,4.7,,,
310,LAFAYETTE AV,C,40.68617,-73.973908,MTA,400358.0,5.721711558574772,153.99875957589097,5.093125460990253,3.6,,,
311,COURT SQ,7,40.747029,-73.94537,MTA,399891.0,5.720237238144941,155.5370314277052,5.910488026929343,4.5,,,
312,INTERVALE AV,25,40.822172,-73.89674699999998,MTA,397866.0,5.713824323927915,157.51676878196076,6.962423809184829,5.8,,,
313,CLASSON AV,G,40.688855,-73.960025,MTA,396836.0,5.710549912436397,154.07286442385745,5.132501159512574,3.6,,,
314,ALLERTON AV,25,40.865481,-73.867393,MTA,393836.0,5.700964140915513,157.9777974247801,7.207391923255082,6.1,,,
315,PROSPECT AV,R,40.665438,-73.992856,MTA,391885.0,5.694690929917827,155.4052168547297,5.840448197839093,4.4,,,
316,9 AV,D,40.646343,-73.994551,MTA,391124.0,5.6922355532000175,157.55573389871515,6.98312797000981,5.8,,,
317,190 ST,A,40.859022,-73.93419,MTA,391030.0,5.691931929492612,152.61579895079862,4.358287698871004,2.8,,,
318,69 ST,7,40.746325,-73.896403,MTA,388958.0,5.685220686780574,156.49723348038125,6.420692522103359,5.1,,,
319,FRESH POND RD,M,40.706181,-73.89591,MTA,387662.0,5.681004722448499,158.80000617979383,7.644273516676265,6.7,FOREST AVE,M,0.395
320,EASTN PKWY-MUSM,23,40.672013,-73.96436,MTA,385797.0,5.674912966803241,150.7278334168059,3.355114981741128,1.8,,,
321,CHAUNCEY ST,JZ,40.682867,-73.91048,MTA,384387.0,5.670287823433402,156.48315782784482,6.413213407497652,5.1,,,
322,JAMAICA VAN WK,E,40.702566,-73.816859,MTA,384108.0,5.669370625072332,158.10850345508896,7.276842726889652,6.2,SUTPHIN-ARCHER,EJZ,0.49
323,GUN HILL RD,5,40.877796,-73.866341,MTA,383352.0,5.666881960986136,154.91197233608312,5.578362140084819,4.1,,,
324,WAKEFIELD/241,2,40.903085,-73.85059100000002,MTA,383019.0,5.665784206318598,159.1195910453599,7.814085312586303,6.9,NEREID AV,25,0.381
325,20 AV,D,40.604798,-73.998456,MTA,380106.0,5.656140432709319,155.0251441018019,5.63849609151263,4.2,,,
326,25 AV,D,40.597873,-73.98695500000002,MTA,379082.0,5.652732814117662,155.84594324756262,6.074628687391794,4.7,,,
327,SARATOGA AV,3,40.661466,-73.91631600000002,MTA,376611.0,5.644471883249693,157.65857794440814,7.0377742751996495,5.9,,,
328,FULTON ST,G,40.68713,-73.975346,MTA,376609.0,5.64446517501503,154.03817931957786,5.114071188372951,3.6,,,
329,LORIMER ST,JM,40.703855,-73.947387,MTA,375791.0,5.641718515780679,155.7675690325217,6.032984455630183,4.6,,,
330,NEW LOTS,L,40.658748,-73.899472,MTA,375430.0,5.640504457293559,158.6633831178046,7.571678691267344,6.5,,,
331,CRESCENT ST,JZ,40.68320900000001,-73.873765,MTA,375423.0,5.64048090445726,156.33141221139348,6.332583194907862,5.0,,,
332,SMITH-9 ST,FG,40.673714,-73.996139,MTA,369910.0,5.621793643232284,159.52867145837553,8.031450673373152,7.1,4AV-9 ST,DFGMNR,0.453
333,JACKSON AV,25,40.816505,-73.907797,MTA,366551.0,5.610270701761063,154.89153402680415,5.567502220301448,4.1,,,
334,E 149 ST,6,40.812104,-73.904085,MTA,365124.0,5.605343431302353,157.48403424343013,6.945030273460533,5.7,,,
335,233 ST,25,40.893386,-73.857265,MTA,361688.0,5.593399854808793,157.54949981390803,6.979815481681937,5.8,,,
336,WILSON AV,L,40.688676,-73.903999,MTA,360080.0,5.587771399353057,153.0985838054853,4.614816001822018,3.0,,,
337,BERGEN ST,23,40.680801,-73.97513199999999,MTA,355668.0,5.572198088400505,154.57377626984783,5.398661260709956,3.8,,,
338,KINGS HWY,F,40.603234,-73.972342,MTA,352238.0,5.559956944049661,157.5058576587992,6.956626171001381,5.7,,,
339,9TH STREET,1,40.734278,-73.99876400000002,PATH,351183.0,5.556167831115905,154.52970422729263,5.375243528826891,3.8,,,
340,BROADWAY,NQW,40.761959,-73.925382,MTA,351142.0,5.556020346805041,155.32515857348724,5.797909135511565,4.3,,,
341,BRIARWOOD,EF,40.709174,-73.820593,MTA,350573.0,5.5539717726218845,155.7205347793359,6.007992749628659,4.5,,,
342,KINGSTON AV,3,40.669409,-73.942173,MTA,350099.0,5.552262687320639,153.32783195945973,4.736627279294426,3.1,,,
343,BOWERY,JZ,40.720315,-73.994014,MTA,343410.0,5.527894531884182,157.04723804598999,6.712938097873348,5.4,,,
344,ROCKAWAY AV,3,40.662541,-73.90876300000002,MTA,341166.0,5.519613149608926,159.8737978841193,8.2148340074611,7.3,JUNIUS ST,3,0.337
345,CLINTON-WASH AV,G,40.688123,-73.96674200000002,MTA,339647.0,5.513976373975465,154.5832194413424,5.403678901040782,3.8,,,
346,OCEAN PKWY,Q,40.576298,-73.968523,MTA,333446.0,5.4907008729455695,152.3907609740489,4.238713504041295,2.5,,,
347,WOODHAVEN BLVD,JZ,40.693866,-73.851568,MTA,330244.0,5.478512113190264,158.05716131014438,7.2495620175122735,6.0,,,
348,80 ST,A,40.679369,-73.85896,MTA,329612.0,5.476092376359408,157.1580562617522,6.771821487750982,5.4,,,
349,BROADWAY,G,40.7061,-73.95034799999998,MTA,326320.0,5.463412799862467,159.39856844042126,7.962320281065626,7.0,FLUSHING AV,G,0.395
350,238 ST,1,40.884821,-73.900759,MTA,325390.0,5.459807603266944,158.34954092214642,7.404918269797856,6.2,V.CORTLANDT PK,1,0.323
351,EASTCHSTER/DYRE,5,40.888244,-73.83085,MTA,324914.0,5.457958374252826,159.11804046443427,7.813261409579437,6.8,,,
352,SUTPHIN BLVD,F,40.705416,-73.810562,MTA,322190.0,5.447323418727948,158.74412227198243,7.614579536233518,6.5,BRIARWOOD,EF,0.587
353,RIT-MANHATTAN,R,40.761268,-73.964016,MTA,321367.0,5.444092595866191,157.72712142628922,7.074194935281705,5.8,,,
354,BEVERLY RD,25,40.645089,-73.948975,MTA,320996.0,5.44263346738692,155.12413465013182,5.691094836325681,4.1,,,
355,FREEMAN ST,25,40.829966,-73.891876,MTA,318888.0,5.434310637451506,155.78638069127936,6.042980052737162,4.5,,,
356,ST LAWRENCE AV,6,40.8315,-73.867623,MTA,312769.0,5.409836194302852,155.01728632056125,5.6343208501663895,4.0,,,
357,RIT-ROOSEVELT,R,40.7574,-73.954006,MTA,308732.0,5.393425644947407,150.6257838718346,3.3008908354484836,1.5,,,
358,PENNSYLVANIA AV,3,40.664884,-73.894258,MTA,305466.0,5.379991439990149,157.07221467983913,6.726209461779123,5.3,,,
359,HARLEM 148 ST,3,40.823877,-73.93644300000003,MTA,305425.0,5.379821881233077,156.6535858235986,6.503770524403148,5.1,,,
360,W 8 ST-AQUARIUM,FQ,40.576152,-73.975925,MTA,304757.0,5.377056103105482,155.17911539979582,5.720308922619723,4.1,,,
361,NOSTRAND AV,3,40.669735,-73.950455,MTA,303134.0,5.370310917072287,152.23852656711108,4.157823572048985,2.3,,,
362,SUTTER AV,L,40.669376,-73.902047,MTA,300666.0,5.359984383549719,158.368193985311,7.414829596949079,6.2,ATLANTIC AV,L,0.424
363,JAY ST-METROTEC,R,40.692182,-73.985935,MTA,300294.0,5.358420524804703,155.8130285439207,6.057139420722719,4.5,,,
364,18 AV,F,40.629881,-73.977149,MTA,298723.0,5.351794727789709,157.42479139897944,6.913551518065876,5.6,,,
365,225 ST,25,40.887887,-73.860505,MTA,293832.0,5.330941227961527,156.842664854028,6.604237890619848,5.2,,,
366,EAST 105 ST,L,40.650625,-73.899558,MTA,288115.0,5.306121396725179,163.2334704597572,10.0,9.6,,,
367,DITMAS AV,F,40.63615,-73.978179,MTA,287671.0,5.304173248266967,158.9924174453611,7.746511469970523,6.6,18 AV,F,0.436
368,25 ST,R,40.66043,-73.99794399999998,MTA,281294.0,5.275856124053283,156.3063747285419,6.3192794988127625,4.8,,,
369,155 ST,BD,40.829934,-73.938632,MTA,280637.0,5.272902313281572,153.4321214076069,4.792041600786061,2.9,,,
370,155 ST,C,40.830551,-73.941486,MTA,279406.0,5.267349187982034,154.73898912175008,5.4864473047682285,3.7,,,
371,PATH WTC 2,1,40.711638,-74.010708,PATH,276864.0,5.255804212249048,148.959318971449,2.4154127416900915,1.0,,,
372,65 ST,MR,40.749663,-73.898485,MTA,276330.0,5.2533654805420325,157.3405844260687,6.868808043518696,5.4,,,
373,PRESIDENT ST,25,40.667879,-73.950648,MTA,276282.0,5.253146037901244,153.87415923109387,5.026918920566242,3.2,,,
374,FT HAMILTON PKY,D,40.640872,-73.994229,MTA,275624.0,5.250133995523871,157.22827232167958,6.809130874154105,5.4,,,
375,4 AV-9 ST,DFGMNR,40.67032,-73.98875699999998,MTA,274924.0,5.24692179107951,156.672342708317,6.5137370172596505,5.0,,,
376,CYPRESS AV,6,40.805737,-73.91447099999998,MTA,273531.0,5.240505099812939,159.2498119581697,7.883278348464575,6.8,BROOK AV,6,0.296
377,BUHRE AV,6,40.846817,-73.832545,MTA,271753.0,5.232267311358869,156.78954706622966,6.5760136913142135,5.1,,,
378,KNICKERBOCKER,M,40.698666,-73.919685,MTA,271226.0,5.2298152698818114,158.12250436485292,7.284282126834888,6.0,,,
379,74 ST-BROADWAY,7EFMR,40.746655,-73.891361,MTA,270593.0,5.226863722420647,158.97690487157018,7.738268845558536,6.6,69 ST,7,0.266
380,20 AV,N,40.617373,-73.985088,MTA,268848.0,5.218691257063632,154.97013534264218,5.6092671223399195,3.9,,,
381,BEVERLEY ROAD,BQ,40.643982,-73.96451,MTA,268318.0,5.216198570984517,154.37382641254578,5.292417667790549,3.5,,,
382,BRONX PARK EAST,25,40.848797,-73.868465,MTA,267540.0,5.21253056295901,156.74110806751713,6.550275572117339,5.0,,,
383,FOREST AVE,M,40.704424,-73.903077,MTA,266256.0,5.206453543315593,154.90725592589266,5.575856069957645,3.8,,,
384,LONGWOOD AV,6,40.816083,-73.89605999999998,MTA,263532.0,5.193463550608269,158.33865944463375,7.399136383864982,6.1,E 149 ST,6,0.502
385,METROPOLITAN AV,M,40.711353,-73.88958000000002,MTA,262826.0,5.190074923136819,157.88284496522996,7.156938821686184,5.8,,,
386,85 ST-FOREST PK,J,40.692304,-73.860151,MTA,260375.0,5.178239657313209,157.69285160592003,7.055985625738548,5.6,,,
387,CENTRAL AV,M,40.697673,-73.927131,MTA,258263.0,5.167951630806054,158.7472272002459,7.616229343534805,6.4,KNICKERBOCKER,M,0.397
388,75 AV,EF,40.718477,-73.837223,MTA,256637.0,5.159973536108005,157.6149513630383,7.014593239643714,5.6,,,
389,NEREID AV,25,40.898382,-73.854389,MTA,247977.0,5.11661233214001,155.7252385329892,6.01049209468984,4.3,,,
390,LIVONIA AV,L,40.663801,-73.900444,MTA,247797.0,5.1156950797102185,158.46765783434756,7.467679830651805,6.1,,,
391,219 ST,25,40.883767,-73.862736,MTA,244770.0,5.100169326821817,155.58252552307624,5.9346613682563065,4.2,,,
392,SHEPHERD AV,C,40.674161,-73.88076099999998,MTA,244433.0,5.098428959372984,158.57174951506454,7.522989068185727,6.2,VAN SICLEN AVE,C,0.517
393,BURKE AV,25,40.871387,-73.867135,MTA,244019.0,5.096287653802334,158.61989939424575,7.54857356337804,6.2,GUN HILL RD,5,0.444
394,BAYCHESTER AV,5,40.878656,-73.838596,MTA,242208.0,5.086877830222917,157.16741933675874,6.7767965687182565,5.2,,,
395,18 AV,N,40.620728,-73.990388,MTA,242137.0,5.086507487662374,153.45581850231568,4.804633080057835,2.8,,,
396,138/GRAND CONC,45,40.813208,-73.929877,MTA,240807.0,5.079549942117649,159.3799778091766,7.952442127188867,6.8,,,
397,75 ST-ELDERTS,JZ,40.69132000000001,-73.867135,MTA,238833.0,5.069152313530473,156.4409269617329,6.39077398689308,4.7,,,
398,VAN SICLEN AVE,C,40.672786,-73.890438,MTA,237997.0,5.064722930424561,158.3106767291572,7.384267734934767,6.0,,,
399,NORWOOD AV,JZ,40.681598,-73.880074,MTA,235595.0,5.0519092920463295,156.19994240917532,6.262726560166881,4.6,,,
400,AVENUE H,BQ,40.629164,-73.961678,MTA,233914.0,5.0428639344373325,155.06128726489294,5.657700803924415,3.8,,,
401,KINGS HWY,N,40.603967,-73.98066800000002,MTA,232535.0,5.0353949516428225,153.73056824579814,4.950621680875743,3.0,,,
402,50 ST,D,40.636232,-73.994765,MTA,231080.0,5.027466159473518,157.78319103246108,7.103987586767705,5.6,,,
403,PARK PLACE,23ACE,40.713061,-74.008777,MTA,222572.0,4.980079546156169,154.70595378557402,5.46889393985963,3.6,,,
404,FT HAMILTON PKY,N,40.631428,-74.005387,MTA,222079.0,4.977278450643613,155.7816778859861,6.040481211588216,4.3,,,
405,CLEVELAND ST,J,40.679938,-73.884687,MTA,217456.0,4.950705086459688,157.47468087389498,6.940060349506955,5.4,,,
406,AQUEDUCT N.COND,A,40.66823400000001,-73.834058,MTA,216353.0,4.94428149392996,158.33555038013304,7.397484378769153,6.0,,,
407,AVENUE X,F,40.589547,-73.974295,MTA,215435.0,4.9389102749204055,157.77073200818683,7.097367469499184,5.6,,,
408,88 ST,A,40.679857,-73.85149200000002,MTA,215329.0,4.938288595391522,159.24051229134415,7.878336959509209,6.6,80 ST,A,0.394
409,AQUEDUCT RACETR,A,40.668221,-73.834026,MTA,212521.0,4.921707550439752,159.032746475313,7.7679403476844575,6.5,AQUEDUCT N.COND,A,0.002
410,VAN SICLEN AV,3,40.665405,-73.889451,MTA,210835.0,4.9116462471418645,156.07311405533545,6.19533616450559,4.4,,,
411,HEWES ST,JM,40.706994,-73.95348100000002,MTA,209109.0,4.90126255149549,157.6367654319491,7.0261841709329085,5.5,,,
412,LIBERTY AV,C,40.674552,-73.89655400000002,MTA,206114.0,4.883039418254149,158.84812029002927,7.669839005997001,6.3,VAN SICLEN AVE,C,0.344
413,PELHAM PKWY,5,40.858973,-73.855355,MTA,204063.0,4.870406663371545,156.85047551231287,6.60838809312786,4.9,,,
414,FLUSHING AV,G,40.700374,-73.950284,MTA,203034.0,4.8640208166268035,158.19405457973102,7.322300418047383,5.8,,,
415,VAN SICLEN AV,JZ,40.678018,-73.891726,MTA,202227.0,4.858989989535836,157.41855464162978,6.91023760967937,5.3,,,
416,BAY 50 ST,D,40.588879,-73.98362900000002,MTA,201982.0,4.857458689642441,157.72089083549878,7.070884303503723,5.5,,,
417,111 ST,A,40.684364,-73.832181,MTA,195017.0,4.813130870435747,157.74581243709832,7.084126425958668,5.5,,,
418,ZEREGA AV,6,40.83646,-73.846471,MTA,194113.0,4.80726172878032,158.48319614803404,7.475936131987728,6.0,,,
419,BEACH 90 ST,AS,40.588032,-73.813684,MTA,193596.0,4.8038928528895966,154.60839978709802,5.417058507508775,3.4,,,
420,AVENUE U,N,40.597482,-73.979359,MTA,190777.0,4.785363933872818,155.2278042907165,5.746179822336653,3.8,,,
421,111 ST,J,40.697405,-73.836354,MTA,190175.0,4.781371601515153,159.32110007288009,7.921157372443289,6.6,104 ST,JZ,0.446
422,SENECA AVE,M,40.702798,-73.907776,MTA,184393.0,4.742370038875807,153.56638022275712,4.863380180843726,2.7,,,
423,BUSHWICK AV,L,40.682558,-73.905501,MTA,173310.0,4.664067854768988,156.38148099166716,6.359187300462866,4.5,,,
424,ALABAMA AV,J,40.677107,-73.898871,MTA,169299.0,4.6344895124315055,161.70440900511718,9.187531389481578,8.2,VAN SICLEN AV,JZ,0.381
425,MORRIS PARK,5,40.854137,-73.860977,MTA,165735.0,4.6076134717756485,155.689174556498,5.991329458171421,4.0,,,
426,86 ST,N,40.592676,-73.978243,MTA,155478.0,4.526913197320113,155.47897731618372,5.8796409061811215,3.8,,,
427,55 ST,D,40.631412,-73.995473,MTA,154104.0,4.5157003998810215,155.40835596381245,5.842116167159077,3.8,,,
428,JUNIUS ST,3,40.663419,-73.902454,MTA,153329.0,4.509331678741238,157.38736894432725,6.893667052571575,5.1,,,
429,BEACH 67 ST,A,40.590867,-73.797011,MTA,151405.0,4.493380601425126,155.30631825321862,5.787898309076878,3.7,,,
430,MIDDLETOWN RD,6,40.843635,-73.836687,MTA,149179.0,4.4746708794537895,155.94466593774516,6.12708510546175,4.1,,,
431,WHITLOCK AV,6,40.826508,-73.886425,MTA,144669.0,4.435892647739059,160.24943853746996,8.414431112440695,7.1,ELDER AV,6,0.396
432,AVENUE N,F,40.615174,-73.974166,MTA,144056.0,4.430528795186864,156.66296441041902,6.5087538475910485,4.6,,,
433,145 ST,3,40.820402,-73.93631500000002,MTA,143355.0,4.424366881831094,159.27151008831578,7.8948076755541745,6.4,HARLEM 148 ST,3,0.24
434,ATLANTIC AV,L,40.675496,-73.902819,MTA,142313.0,4.4151516101231065,156.7004758687704,6.5286856053060776,4.6,,,
435,215 ST,1,40.869359,-73.915329,MTA,141815.0,4.410723526160818,160.43785978929228,8.514548967217346,7.2,MARBLE HILL-225,1,0.458
436,BEACH 60 ST,A,40.592334,-73.788493,MTA,141345.0,4.40653012465301,155.09742610752144,5.676903220653334,3.5,,,
437,BEACH 44 ST,A,40.593214,-73.776433,MTA,139219.0,4.387385814480199,153.52689856664333,4.84240155621983,2.4,,,
438,104 ST,A,40.681745,-73.837631,MTA,137758.0,4.374059482416909,158.21271710581502,7.33221677333202,5.6,,,
439,21 ST,G,40.743973,-73.949876,MTA,136908.0,4.366241125309587,159.21571180617127,7.865159192410678,6.3,COURT SQ,EGM,0.337
440,104 ST,JZ,40.69518400000001,-73.844326,MTA,133739.0,4.336658346653617,157.87038999841027,7.150320860350924,5.4,,,
441,PARK PLACE,S,40.67491,-73.95779399999998,MTA,133642.0,4.335741828009367,155.81459599175415,6.057972285981005,3.9,,,
442,BEACH 25 ST,A,40.600138,-73.76151999999998,MTA,126927.0,4.270621057042443,155.06128726489294,5.657700803924415,3.4,,,
443,AVENUE P,F,40.609147,-73.97298599999998,MTA,121395.0,4.2143300616378,155.62958119349466,5.959664454329693,3.8,,,
444,NEPTUNE AV,F,40.580992,-73.974531,MTA,104995.0,4.030993903912257,154.95441671511372,5.600915011031019,3.2,,,
445,ROCKAWAY PARK B,AS,40.580454,-73.837459,MTA,103690.0,4.01519507001545,153.45423875419408,4.803793679026926,2.2,,,
446,39 AV,NQW,40.753076,-73.93271,MTA,99807.0,3.966982288219195,158.01670386037168,7.228064903774853,5.3,,,
447,CYPRESS HILLS,J,40.689945,-73.872564,MTA,97404.0,3.9361969290823366,153.03689403314576,4.582037068402557,1.9,,,
448,BOTANIC GARDEN,2345S,40.670499,-73.958759,MTA,96693.0,3.926942432182969,153.07485847257038,4.60220951814605,1.9,,,
449,121 ST,JZ,40.700536,-73.82838199999998,MTA,89101.0,3.823650475779645,158.26869786663133,7.361962216733364,5.4,,,
451,E 143/ST MARY'S,6,40.808742,-73.90769,MTA,71845.0,3.551735892508431,159.7113425162708,8.128513155812781,6.4,E 149 ST,6,0.299
452,AVENUE I,F,40.625305,-73.975732,MTA,69441.0,3.508744912604782,157.3468227760239,6.872122798138053,4.7,,,
453,AVENUE U,F,40.596065,-73.973329,MTA,68203.0,3.4860214157285028,156.2015078604552,6.263558364554032,3.8,,,
454,BEACH 36 ST,A,40.595381,-73.768194,MTA,64221.0,3.410029814337572,152.37649229314934,4.231131823586764,1.1,,,
455,TOMPKINSVILLE,1,40.636948,-74.07482399999998,MTA,61852.0,3.3625516203893766,153.1159811895703,4.6240601224107145,1.6,,,
456,BEACH 98 ST,AS,40.585514,-73.820143,MTA,57716.0,3.2751259507631976,154.92297700687988,5.5842094849147585,2.8,,,
457,BEACH 105 ST,AS,40.583542,-73.82643,MTA,44663.0,2.9512568549175824,151.15160128816706,3.5802845408732087,1.0,,,
458,BAY PKWY,F,40.620907,-73.975453,MTA,39296.0,2.789539349894916,157.1268439361166,6.755236781646949,4.3,,,
459,BROAD CHANNEL,AS,40.608693,-73.816068,MTA,20984.0,1.9970587363352112,148.81493990560136,2.338696754467203,1.0,,,
460,86 ST,BC,40.785822,-73.968952,MTA,12562.0,1.3489342189717626,150.81869174895212,3.4033926638766934,1.0,,,
461,ORCHARD BEACH,6,40.852417,-73.828082,MTA,9530.0,1.0,157.39360633855713,6.8969812993651605,4.1,,,
