,Unnamed: 0,STATION,LINENAME,LAT,LON,SYSTEM,NET_ENTRIES,CROWD_INDEX,MED_TEMP,HEAT_INDEX
0,0,GRD CNTRL-42 ST,4567S,40.751849,-73.976945,MTA,11840017.0,10.0,155.64996971519383,5.970497919423713
1,1,34 ST-HERALD SQ,BDFMNQRW,40.749533,-73.987899,MTA,9972397.0,9.783154930850527,156.0308261641561,6.172866443564044
2,2,14 ST-UNION SQ,456LNQRW,40.734836,-73.990688,MTA,8319636.0,9.554261031620648,155.63899145086322,5.9646646057007535
3,3,FULTON ST,2345ACJZ,40.709938,-74.007983,MTA,7343471.0,9.396605707656912,154.1532554355817,5.175217018574731
4,4,42 ST-PORT AUTH,1237ACENQRSW,40.757303,-73.98978699999999,MTA,7241329.0,9.378912316713912,156.18898402435366,6.256903809444491
5,5,TIMES SQ-42 ST,1237ACENQRSW,40.755905,-73.98650400000001,MTA,6586497.0,9.259182850129225,152.76150787031906,4.435710305414157
6,6,34 ST-PENN STA,ACE,40.752247,-73.99345600000001,MTA,6343063.0,9.211611124235828,157.2688342377353,6.830683496174458
7,7,LEXINGTON AV/53,6EM,40.757529999999996,-73.969102,MTA,5687941.0,9.073905967887734,156.73798270624917,6.548614907714974
8,8,59 ST COLUMBUS,1ABCD,40.76811,-73.981891,MTA,5521501.0,9.036390900920823,154.4431153902049,5.32923444793507
9,9,PATH NEW WTC,1,40.711638,-74.010708,PATH,5374624.0,9.002333765453614,148.959318971449,2.4154127416900915
10,10,47-50 STS ROCK,BDFM,40.758652000000005,-73.981311,MTA,4753926.0,8.847317341994696,155.77697500776463,6.037982331688738
11,11,PELHAM PKWY,25,40.857188,-73.86760699999999,MTA,4603597.0,8.806727316410461,156.5363290984593,6.4414660249608575
12,12,FLUSHING-MAIN,7,40.759578000000005,-73.830056,MTA,4578137.0,8.799721884771536,158.9551859533658,7.726728472709601
13,13,W 4 ST-WASH SQ,ABCDEFM,40.732251,-74.000559,MTA,4576909.0,8.79938301101848,156.3079396316409,6.320111011923341
14,14,JOURNAL SQUARE,1,40.732102000000005,-74.06391500000001,PATH,4482105.0,8.772942997064911,-9999.0,-9999.0
15,15,CANAL ST,6JNQRWZ,40.718697,-74.000977,MTA,4219803.0,8.696766886575045,158.04782544996297,7.24460139717452
16,16,59 ST,456NQRW,40.762796,-73.967686,MTA,4211776.0,8.694361723240817,161.27818064920908,8.961054448978377
17,17,JKSN HT-ROOSVLT,7EFMR,40.746655,-73.891361,MTA,4058281.0,8.64746573403784,158.97690487157018,7.738268845558536
18,18,34 ST-PENN STA,123ACE,40.750264,-73.99298399999999,MTA,4005512.0,8.630932957844323,157.3764531978587,6.887866957788488
19,19,BROAD ST,JZ,40.706539,-74.011052,MTA,3526579.0,8.47007385957112,150.0990324690667,3.021000855227739
20,20,ATL AV-BARCLAY,2345BDNQR,40.684063,-73.977417,MTA,3351117.0,8.405607307928758,159.30870332546937,7.9145703460597705
21,21,86 ST,456,40.779485,-73.955541,MTA,3310463.0,8.390189184409524,155.6452647934581,5.967997953700536
22,22,14 ST,123FLM,40.737348,-73.9969,MTA,3307405.0,8.38902178490294,156.074680160427,6.196168316296343
23,23,72 ST,123,40.778575,-73.981912,MTA,3292464.0,8.3833024545008,154.95598861465984,5.601750241712061
24,24,7 AV,FG,40.666276,-73.980324,MTA,3157451.0,8.330411045845318,153.06853139994774,4.598847620632536
25,25,42 ST-BRYANT PK,7BDFM,40.754197999999995,-73.984573,MTA,3155996.0,8.329828813195213,154.16428782105584,5.181079089631238
26,26,61 ST WOODSIDE,7,40.745622999999995,-73.902969,MTA,3120124.0,8.315388747290017,156.95043425983073,6.661501291723346
27,27,57 ST-7 AV,NQRW,40.764755,-73.980646,MTA,3002581.0,8.266881470651601,154.20211007475075,5.201175988819254
28,28,96 ST,123,40.79388,-73.972363,MTA,2915529.0,8.229717069478406,156.25316322843634,6.2910055053619445
29,29,34 ST-PENN STA,123,40.750329,-73.991096,MTA,2822355.0,8.188688984451431,159.19711013084287,7.855275170246941
30,30,GROVE STREET,1,40.719876,-74.04261600000001,PATH,2803645.0,8.180287118376249,-9999.0,-9999.0
31,31,JAMAICA CENTER,EJZ,40.702131,-73.80111,MTA,2723865.0,8.143820562408791,159.03739948462783,7.770412729681469
32,32,JAY ST-METROTEC,ACF,40.692338,-73.987342,MTA,2705287.0,8.13517548777794,156.38461001667798,6.3608499115993276
33,33,33 ST,6,40.746119,-73.981826,MTA,2585529.0,8.077980739042278,158.2220479426955,7.33717472453289
34,34,BOROUGH HALL,2345R,40.692403999999996,-73.990151,MTA,2574230.0,8.072448366980385,157.46844513510501,6.936746982333357
35,35,DELANCEY/ESSEX,FJMZ,40.718379999999996,-73.987813,MTA,2572805.0,8.071748915090645,156.74423339670997,6.551936219476551
36,36,161/YANKEE STAD,4BD,40.827888,-73.925736,MTA,2379165.0,7.972907565037818,156.35644763224758,6.345885795358204
37,37,BEDFORD AV,L,40.717240999999994,-73.956614,MTA,2375038.0,7.970714472535674,156.25629357459474,6.292668818491733
38,38,BOWLING GREEN,45,40.704782,-74.014099,MTA,2339114.0,7.951461862819926,150.36731386855217,3.163552493820454
39,39,125 ST,ABCD,40.811056,-73.952386,MTA,2229349.0,7.890749455337452,157.3951656672091,6.8978098504867305
40,40,FOREST HILLS 71,EFMR,40.721681,-73.84439,MTA,2226866.0,7.889341753354995,157.86416232490143,7.1470117786739635
41,41,72 ST-2 AVE,Q,40.768589,-73.958507,MTA,2215714.0,7.882999866205171,155.56683867563027,5.92632614333178
42,42,CONEY IS-STILLW,DFNQ,40.577422999999996,-73.981225,MTA,2198765.0,7.8732999752413395,155.0408590515165,5.646846248610781
43,43,23 ST,6,40.740088,-73.986429,MTA,2192894.0,7.869922564953071,156.39712579473212,6.367500185055862
44,44,125 ST,456,40.804406,-73.93745200000001,MTA,2176929.0,7.860692450147438,157.13464731692846,6.759383117261082
45,45,49 ST,NQRW,40.760139,-73.984112,MTA,2137958.0,7.837874111226834,153.61217244329666,4.8877119313312
46,46,168 ST,1AC,40.840778,-73.94009100000001,MTA,2094876.0,7.812159514929778,155.83967405555512,6.071297544811523
47,47,CHAMBERS ST,23ACE,40.71433,-74.008563,MTA,2092316.0,7.810614910635984,156.73329460420376,6.546123879154126
48,48,66 ST-LINCOLN,1,40.773424,-73.98223399999999,MTA,2026278.0,7.7701030448239585,157.35462053423095,6.8762661461744585
49,49,23 ST,NRW,40.741006,-73.989315,MTA,2017646.0,7.764710308325863,155.6405597986853,5.965497949169031
50,50,PAVONIA/NEWPORT,1,40.72712,-74.03383000000001,PATH,2009174.0,7.759395048918187,-9999.0,-9999.0
51,51,50 ST,1,40.761675,-73.983908,MTA,2003840.0,7.756037033497517,154.50294305944288,5.361023950671433
52,52,86 ST-2 AVE,Q,40.777676,-73.951546,MTA,1998636.0,7.752752233814848,156.03395880253458,6.174530974667678
53,53,CROWN HTS-UTICA,34,40.669278999999996,-73.932967,MTA,1998178.0,7.752462731769849,155.3691147607385,5.82126530754203
54,54,8 AV,ACEL,40.740388,-74.002104,MTA,1986979.0,7.7453631127182065,155.60605427163986,5.947163396604946
55,55,57 ST,F,40.763625,-73.977449,MTA,1986021.0,7.744753930740732,154.66504788338636,5.4471585404016425
56,56,THIRTY THIRD ST,1,40.748931,-73.988113,PATH,1983427.0,7.7431029575903345,155.61389678186924,5.9513305236813006
57,57,5 AV/53 ST,EM,40.760179,-73.975196,MTA,1975845.0,7.7382649219173345,152.95145645451493,4.536639710052043
58,58,SUTPHIN-ARCHER,EJZ,40.700488,-73.80793299999999,MTA,1912598.0,7.6971686344159185,152.5809449971337,4.339768009410982
59,59,KEW GARDENS,EF,40.714444,-73.830979,MTA,1903218.0,7.690958280044219,154.36595165725976,5.288233407265248
60,60,CORTLANDT ST,NRW,40.710662,-74.011052,MTA,1887561.0,7.680523515616564,148.959318971449,2.4154127416900915
61,61,B'WAY-LAFAYETTE,6BDFQ,40.725297,-73.996204,MTA,1884705.0,7.678610775041318,158.38373733798875,7.423088575758968
62,62,TIMES SQ-42 ST,1237ACENQRS,40.755905,-73.98650400000001,MTA,1877378.0,7.673690397112652,152.76150787031906,4.435710305414157
63,63,GRAND ST,BD,40.718542,-73.994164,MTA,1843015.0,7.650355026759429,155.67976585701302,5.986330134583664
64,64,77 ST,6,40.773635999999996,-73.959875,MTA,1817552.0,7.632781120379285,156.69735009042552,6.5270247192893915
65,65,23 ST,CE,40.745924,-73.998005,MTA,1801587.0,7.621636466875116,157.98402278671378,7.210699776673826
66,66,JUNCTION BLVD,7,40.749143,-73.869452,MTA,1782362.0,7.608084298555923,159.22501222227487,7.870100979495824
67,67,3 AV-149 ST,25,40.816132,-73.917754,MTA,1780449.0,7.606727790675242,160.36065184556085,8.473524435093996
68,68,145 ST,ABCD,40.824787,-73.944232,MTA,1779737.0,7.606222539415192,154.1012401732338,5.14757864746982
69,69,WALL ST,45,40.707466,-74.01186700000001,MTA,1772108.0,7.6007961073362065,150.0255320360754,2.981946313316588
70,70,EXCHANGE PLACE,1,40.716737,-74.033024,PATH,1734803.0,7.573920469753608,-9999.0,-9999.0
71,71,CITY / BUS,1,40.756901,-73.990279,PATH,1726693.0,7.568001339340311,156.12165955786236,6.22113087463007
72,72,DEKALB AV,BDNQR,40.690612,-73.981848,MTA,1714048.0,7.55871661743683,157.13152598855825,6.757724595743701
73,73,1 AV,L,40.730901,-73.981719,MTA,1689828.0,7.540740005993853,156.93794120924497,6.654863094533987
74,74,191 ST,1,40.855176,-73.929384,MTA,1670279.0,7.526041390360447,152.74092287029353,4.424772441329287
75,75,WALL ST,23,40.706864,-74.009056,MTA,1667223.0,7.523728089973158,151.68602502247586,3.864251223523104
76,76,WHITEHALL S-FRY,1RW,40.703082,-74.01298299999999,MTA,1652659.0,7.512644998886496,149.71535077512442,2.8171311338292324
77,77,MYRTLE-WYCKOFF,LM,40.699707000000004,-73.91181,MTA,1638813.0,7.5020173592972315,157.77540420175757,7.099850045073207
78,78,14 ST,ACEL,40.740388,-74.002104,MTA,1617544.0,7.485515938858853,155.60605427163986,5.947163396604946
79,79,METS-WILLETS PT,7,40.754622,-73.845625,MTA,1609263.0,7.479032419057535,158.66338311780464,7.571678691267344
80,80,WOODHAVEN BLVD,MR,40.73308,-73.869259,MTA,1596722.0,7.469149778705613,157.36553706117542,6.882066655664346
81,81,JAMAICA 179 ST,F,40.712621999999996,-73.783815,MTA,1590573.0,7.464275808564357,160.86061777046734,8.739181920005858
82,82,51 ST,6,40.757108,-73.97187,MTA,1578929.0,7.4549944144519955,155.0235725618952,5.637661051926418
83,83,BROOKLYN BRIDGE,456JZ,40.713159000000005,-74.003917,MTA,1576736.0,7.453238724181291,156.1717629066775,6.247753348220401
84,84,LEXINGTON AV/63,F,40.764763,-73.966291,MTA,1573257.0,7.450448461371932,154.07601741698352,5.134176506135389
85,85,103 ST-CORONA,7,40.749858,-73.862672,MTA,1571562.0,7.449086784115084,157.64455579362527,7.030323588813918
86,86,50 ST,CE,40.762439,-73.985989,MTA,1569544.0,7.4474637086115,154.50294305944288,5.361023950671433
87,87,86 ST,1,40.788844,-73.97599,MTA,1565486.0,7.444193535991117,154.1012401732338,5.14757864746982
88,88,CANAL ST,ACE,40.720852,-74.005237,MTA,1564370.0,7.443292711987205,155.51977325942283,5.901317878821883
89,89,WORLD TRADE CTR,23ACE,40.712557000000004,-74.009807,MTA,1556457.0,7.436886924958923,153.1887229504646,4.662711543006724
90,90,ASTORIA DITMARS,NQW,40.774984,-73.91206700000001,MTA,1526549.0,7.412377861290334,158.1738355604861,7.311557018282707
91,91,RECTOR ST,1,40.707840000000004,-74.01369100000001,MTA,1515985.0,7.403605938679119,151.47936774352206,3.754443634184163
92,92,81 ST-MUSEUM,BC,40.781434999999995,-73.972149,MTA,1509457.0,7.398154739108336,149.7025528026876,2.8103309160540406
93,93,68ST-HUNTER CO,6,40.768143,-73.964016,MTA,1507655.0,7.396645828541112,154.95441671511372,5.60091501103102
94,94,96 ST-2 AVE,Q,40.783485,-73.94768,MTA,1504150.0,7.393705732872213,155.54487572464723,5.914656103377581
95,95,KINGS HWY,BQ,40.608691,-73.95777199999999,MTA,1482837.0,7.375678929700708,156.4080766779594,6.373318949797214
96,96,5 AV/59 ST,NQRW,40.764909,-73.973372,MTA,1441779.0,7.340209225526273,151.52866058058765,3.7806354413987546
97,97,CHAMBERS ST,123,40.715436,-74.009335,MTA,1436563.0,7.335631015025253,156.53789281869103,6.442296909553532
98,98,NOSTRAND AV,AC,40.680409999999995,-73.950326,MTA,1411190.0,7.313120725137478,157.5058576587992,6.956626171001381
99,99,FLATBUSH AV-B.C,25,40.632836,-73.947642,MTA,1402215.0,7.3050613054956095,156.9629267983814,6.668139216842258
100,100,7 AV,BDE,40.762877,-73.98159,MTA,1397806.0,7.301083172821444,153.40684244455775,4.778609593902633
101,101,JFK JAMAICA CT1,E,40.643941999999996,-73.78235600000001,MTA,1386704.0,7.291010265542887,158.71151863012682,7.597255552612135
102,102,8 ST-NYU,NRW,40.730348,-73.992705,MTA,1382024.0,7.286739890012948,157.86883309191478,7.149493596245048
103,103,GRAND-NEWTOWN,MR,40.736998,-73.87724200000001,MTA,1370570.0,7.276227108938363,156.94106451989842,6.656522669339908
104,104,NEWARK C,1,40.750912,-73.977026,PATH,1357335.0,7.263969713269002,154.71539282195408,5.473909382992453
105,105,QUEENSBORO PLZ,7NQW,40.750508,-73.940177,MTA,1356159.0,7.262874802878377,156.3345417517541,6.334246079876063
106,106,CHURCH AV,BQ,40.650494,-73.962836,MTA,1324069.0,7.232625259427133,154.09335828890826,5.1433905989209485
107,107,149/GRAND CONC,245,40.818428999999995,-73.926927,MTA,1321983.0,7.230633595244215,157.6429977371714,7.029495713676305
108,108,90 ST-ELMHURST,7,40.748540999999996,-73.876791,MTA,1315577.0,7.224497592653585,157.33746520329157,6.867150640810694
109,109,UTICA AV,AC,40.679279,-73.930585,MTA,1313538.0,7.222538261590656,159.38307632563706,7.954088527571031
110,110,PRINCE ST,NRW,40.724332000000004,-73.99768399999999,MTA,1296832.0,7.20636951216048,157.40608074484555,6.903609589885084
111,111,BLEECKER ST,6DF,40.725665,-73.995645,MTA,1269796.0,7.17975639980435,158.38373733798875,7.423088575758968
112,112,STEINWAY ST,MR,40.756864,-73.920736,MTA,1268041.0,7.178009316718752,155.6452647934581,5.967997953700536
113,113,CHRISTOPHER ST,1,40.733405,-74.002898,MTA,1258050.0,7.168017088930327,155.54487572464723,5.914656103377581
114,114,82 ST-JACKSON H,7,40.747647,-73.883786,MTA,1240247.0,7.1500136043659985,155.04400194342628,5.6485162279403935
115,115,116 ST,23,40.802098,-73.949625,MTA,1236098.0,7.145780755274368,157.889072258558,7.160247701353623
116,116,2 AV,F,40.723290999999996,-73.989873,MTA,1232958.0,7.142567841755327,155.4130645664149,5.844618088715145
117,117,SOUTH FERRY,1RW,40.703082,-74.01298299999999,MTA,1230783.0,7.1403375359378485,149.71535077512442,2.8171311338292324
118,118,96 ST,6,40.785821999999996,-73.95097,MTA,1222160.0,7.131456312169558,155.65624283056812,5.973831146689563
119,119,23 ST,1,40.744071000000005,-73.99562399999999,MTA,1218979.0,7.12816422368456,157.68662031684647,7.052674622926993
120,120,ASTOR PL,6,40.730056,-73.99104200000001,MTA,1210737.0,7.119594262472551,157.16429834368466,6.775138225360858
121,121,PARKCHESTER,6,40.833246,-73.860805,MTA,1210475.0,7.119320881320569,156.8207939454546,6.592616757508764
122,122,79 ST,1,40.783871999999995,-73.979938,MTA,1201114.0,7.109514218888568,154.94498514611993,5.595903535702713
123,123,VERNON-JACKSON,7,40.742624,-73.95354499999999,MTA,1191785.0,7.09966474531979,157.46844513510501,6.936746982333357
124,124,63 DR-REGO PARK,MR,40.729869,-73.86161,MTA,1182425.0,7.089704751641992,159.63704870211217,8.089037049880995
125,125,HOUSTON ST,1,40.728202,-74.005344,MTA,1176825.0,7.083708015049452,156.80360855853684,6.583485281865372
126,126,125 ST,23,40.808076,-73.94590600000001,MTA,1169498.0,7.075818689102007,157.28755330410632,6.840629894207399
127,127,28 ST,NRW,40.745574,-73.988682,MTA,1130092.0,7.032522013620144,155.99949800233915,6.156220187768189
128,128,135 ST,23,40.814459,-73.94099200000001,MTA,1122619.0,7.024141103376645,157.24699387588714,6.8190785941019225
129,129,23 ST,FM,40.742981,-73.992727,MTA,1117092.0,7.017906648914808,156.4878497843909,6.415706484152006
130,130,116 ST,6,40.798574,-73.94159300000001,MTA,1116693.0,7.017455383943019,156.24220676293595,6.285183774473183
131,131,KINGSBRIDGE RD,BD,40.866974,-73.893485,MTA,1108898.0,7.0086068232753,154.05236916350583,5.121610978709463
132,132,36 ST,DNR,40.65515,-74.003477,MTA,1102198.0,7.000951410247152,155.72680643465714,6.011325201093593
133,133,CANARSIE-ROCKAW,L,40.64666,-73.901832,MTA,1073992.0,6.968204592230498,157.81745073302778,7.122191519141871
134,134,28 ST,1,40.747223999999996,-73.99336,MTA,1070979.0,6.9646558203249915,155.5699761100924,5.927993222840132
135,135,42 ST-PORT AUTH,1237ACEGNRSW,40.757303,-73.98978699999999,MTA,1063877.0,6.956251283632202,156.18898402435366,6.256903809444491
136,136,SHEEPSHEAD BAY,BQ,40.58681,-73.954167,MTA,1061005.0,6.952836603903796,155.83027002460068,6.06630070185296
137,137,MARCY AV,JMZ,40.708377,-73.957751,MTA,1053680.0,6.944085481163618,156.83797836293905,6.601747718042625
138,138,EUCLID AV,AC,40.675382,-73.87207,MTA,1045749.0,6.934541514410353,156.95199585515007,6.662331047241315
139,139,EAST BROADWAY,F,40.713646999999995,-73.990152,MTA,1038041.0,6.9251962879250595,156.17959080845907,6.251912713080759
140,140,46 ST BLISS ST,7,40.743078999999994,-73.918419,MTA,1035596.0,6.922217453081091,158.41792994136142,7.441256855959809
141,141,FRANKLIN AV,2345S,40.670711,-73.958051,MTA,1024776.0,6.908950056598978,154.16113575216218,5.179404234100406
142,142,137 ST CITY COL,1,40.821994000000004,-73.95367399999999,MTA,1019271.0,6.902146005137852,154.49507167579958,5.3568414816724745
143,143,86 ST,R,40.622715,-74.028368,MTA,1016646.0,6.8988886165272785,157.85014959608566,7.139566098661579
144,144,ST. GEORGE,1,40.643738,-74.073622,MTA,1011649.0,6.8926644786880855,153.63111890680852,4.897779157103594
145,145,59 ST,NRW,40.641426,-74.017972,MTA,1007448.0,6.8874079841362015,156.46751744998147,6.404902874240777
146,146,LACKAWANNA,1,40.735015000000004,-74.027721,PATH,1000237.0,6.878333919202925,-9999.0,-9999.0
147,147,103 ST,1,40.799354,-73.968329,MTA,998247.0,6.875818255183695,156.2969851407491,6.314290330245182
148,148,BRIGHTON BEACH,BQ,40.577961,-73.96180600000001,MTA,995861.0,6.872795367127293,156.0057638933518,6.159549576360947
149,149,CATHEDRAL PKWY,1,40.804032,-73.96674200000001,MTA,987181.0,6.8617370082453375,156.7145414742322,6.536159381386794
150,150,116 ST-COLUMBIA,1,40.80819,-73.964124,MTA,982406.0,6.855612106142081,154.69651445402735,5.463878339889677
151,151,5 AVE,7BDFM,40.753824,-73.981966,MTA,978552.0,6.8506468223998525,154.16428782105584,5.181079089631238
152,152,SPRING ST,CE,40.726202,-74.00362700000001,MTA,978383.0,6.850428644679905,154.6178418750073,5.422075572075232
153,153,PROSPECT AV,25,40.819396000000005,-73.90146700000001,MTA,977091.0,6.8487594360367865,157.18770501357372,6.787575387061532
154,154,103 ST,6,40.790582,-73.947473,MTA,971905.0,6.842037061840682,155.62958119349466,5.959664454329694
155,155,175 ST,A,40.847369,-73.939683,MTA,970741.0,6.8405232933608175,154.13907034604205,5.16767975448806
156,156,DEKALB AV,L,40.703839,-73.91844,MTA,967938.0,6.83687056321982,157.56352632589346,6.987268485397808
157,157,QUEENS PLAZA,EMR,40.748948,-73.93719399999999,MTA,945213.0,6.806859929699431,157.68973597725628,7.054330132766915
158,158,ELMHURST AV,MR,40.742445000000004,-73.882005,MTA,942475.0,6.803195523347961,155.35184701984184,5.812090073014643
159,159,COURT SQ,EGM,40.747257,-73.945112,MTA,936738.0,6.795482755048205,155.77540736548383,6.037149363110654
160,160,MYRTLE AV,JMZ,40.697266,-73.935692,MTA,936276.0,6.7948595929158815,156.78173484555526,6.571862658628687
161,161,HIGH ST,AC,40.699315999999996,-73.990474,MTA,930238.0,6.786686932275478,154.27931576619523,5.242199324187274
162,162,TREMONT AV,BD,40.850307,-73.905244,MTA,927902.0,6.783510828173517,154.7971854442547,5.5173699894903665
163,163,ASTORIA BLVD,NQW,40.770426,-73.917614,MTA,920996.0,6.774074224078159,157.48091648540364,6.943373649049509
164,164,8 AV,N,40.635011,-74.011717,MTA,918481.0,6.770620051819451,156.81923167761494,6.591786644646331
165,165,SPRING ST,6,40.722396999999994,-73.997211,MTA,918051.0,6.770028530969236,157.4216730362239,6.911894572331352
166,166,111 ST,7,40.75176,-73.855183,MTA,907501.0,6.7554281838789985,157.09406755654783,6.737821013637595
167,167,FORDHAM RD,BD,40.862803,-73.901034,MTA,905842.0,6.75311682894687,157.3218686113679,6.858863373264584
168,168,PROSPECT PARK,BQS,40.661596,-73.962193,MTA,882678.0,6.7203945054391445,154.75471896373801,5.494805374893422
169,169,YORK ST,F,40.699756,-73.98689,MTA,869729.0,6.701726012923897,156.5003613147221,6.422354500575944
170,170,157 ST,1,40.833878999999996,-73.944726,MTA,867097.0,6.697897501040247,153.41948219218568,4.785325738738673
171,171,181 ST,1,40.849495000000005,-73.93363199999999,MTA,865540.0,6.6956272115485636,158.1738355604861,7.311557018282707
172,172,170 ST,4,40.840047999999996,-73.917775,MTA,865242.0,6.695192226837702,156.4534404222547,6.397423028926055
173,173,HARRISON,1,40.738879,-74.15553299999999,PATH,863830.0,6.693129119569202,-9999.0,-9999.0
174,174,BURNSIDE AV,4,40.853390000000005,-73.907733,MTA,851044.0,6.674292167792706,155.00157014522512,5.625970041832775
175,175,HOYT-SCHER,ACG,40.688465,-73.985474,MTA,843223.0,6.6626298838070905,157.02225936615673,6.699665646831471
176,176,HUNTS POINT AV,6,40.820889,-73.890567,MTA,843059.0,6.662384178951467,157.37177490135002,6.8853811394111695
177,177,34 ST-HUDSON YD,7,40.755069,-74.001008,MTA,841386.0,6.659874955472693,155.37225424417008,5.822933475772713
178,178,21 ST-QNSBRIDGE,F,40.7541,-73.94258,MTA,835550.0,6.651082693043759,154.0949346822816,5.144228217402392
179,179,NEWKIRK PLAZA,BQ,40.635059000000005,-73.962793,MTA,832574.0,6.6465755104676365,154.8695219934021,5.55580610034591
180,180,BERGEN ST,FG,40.686153999999995,-73.990881,MTA,831984.0,6.6456800360331725,155.53546254394286,5.909654398688583
181,181,FORDHAM RD,4,40.862941,-73.901199,MTA,828348.0,6.6401474302743635,156.4628251797954,6.402409630933463
182,182,CHURCH AV,FG,40.644039,-73.979541,MTA,824688.0,6.6345537250386055,155.85064505654447,6.077126999149516
183,183,CARROLL ST,FG,40.680231,-73.99498,MTA,824376.0,6.634075736831116,155.1398444556883,5.699442260069327
184,184,BEDFORD-NOSTRAN,G,40.689636,-73.953459,MTA,815706.0,6.620720313003976,156.9598037117432,6.666479761067105
185,185,14TH STREET,1,40.737434,-73.996785,PATH,814460.0,6.6187892947025,157.46844513510501,6.936746982333357
186,186,110 ST,6,40.795066,-73.94429699999999,MTA,813018.0,6.6165508295318425,155.7471884185631,6.022155192323465
187,187,181 ST,A,40.851686,-73.937967,MTA,808597.0,6.609663134145582,155.12099259108572,5.68942529953916
188,188,30 AV,NQW,40.766843,-73.921423,MTA,801832.0,6.599050361346432,155.72680643465714,6.011325201093593
189,189,NEVINS ST,2345,40.688269,-73.980453,MTA,797633.0,6.592417938217933,155.54487572464723,5.914656103377581
190,190,7 AV,BQ,40.677172,-73.972514,MTA,794675.0,6.587724709860859,155.94309916175922,6.126252597190467
191,191,CHAMBERS ST,456JZ,40.713159000000005,-74.003917,MTA,790186.0,6.580568885336768,156.1717629066775,6.247753348220401
192,192,28 ST,6,40.743095000000004,-73.984251,MTA,760748.0,6.532610203167182,155.8334047339793,6.067966333384972
193,193,GRAHAM AV,L,40.71459,-73.94410400000001,MTA,755048.0,6.523109926785174,157.33122666213296,6.863835784595192
194,194,40 ST LOWERY ST,7,40.743778000000006,-73.923998,MTA,754306.0,6.521867951584368,157.58066896633818,6.9963772476522434
195,195,HOWARD BCH JFK,A,40.660476,-73.830301,MTA,745662.0,6.507308746428827,158.79224513379333,7.640149675714194
196,196,BROADWAY JCT,ACJLZ,40.678847999999995,-73.904139,MTA,745456.0,6.506959722418575,158.1411712492386,7.294200797908257
197,197,145 ST,1,40.826426,-73.950412,MTA,743236.0,6.503192263409864,155.7330779602503,6.014657583627374
198,198,CENTRAL PK N110,23,40.79911,-73.95180699999999,MTA,729647.0,6.479882832743338,156.1623691582705,6.242761968905582
199,199,96 ST,BC,40.791654,-73.964682,MTA,729128.0,6.478983999434309,150.56517533577508,3.26868641820388
200,200,BROOK AV,6,40.808044,-73.919234,MTA,724070.0,6.47019061862662,156.91451535905975,6.642415741360285
201,201,231 ST,1,40.878867,-73.90485799999999,MTA,719824.0,6.462761350648978,157.28599342575393,6.839801051001847
202,202,METROPOLITAN AV,GL,40.713875,-73.951592,MTA,717776.0,6.459162264220737,157.64767188271202,7.031979326431838
203,203,GREENPOINT AV,G,40.731324,-73.954425,MTA,716843.0,6.457519235252416,155.21209905306955,5.737834825757108
204,204,INWOOD-207 ST,A,40.868045,-73.919921,MTA,708571.0,6.442857867915209,153.67847983940442,4.922944444595653
205,205,SIMPSON ST,25,40.82417,-73.89322800000001,MTA,704383.0,6.4353696234272775,156.43467003839476,6.387449363284758
206,206,167 ST,BD,40.833773,-73.91843,MTA,698681.0,6.4251024188346975,152.65381681464893,4.378488535746192
207,207,CHURCH AV,25,40.650843,-73.949575,MTA,692185.0,6.413302908713669,156.62544832930655,6.488819633566458
208,208,167 ST,4,40.835535,-73.92138,MTA,691391.0,6.411853076904095,156.73485731290486,6.546954226268806
209,209,SUTTER AV-RUTLD,3,40.664590999999994,-73.922668,MTA,686502.0,6.402888981710232,157.9451121975975,7.190024589173789
210,210,4AV-9 ST,DFGMNR,40.670320000000004,-73.98875699999999,MTA,679020.0,6.389046197705422,156.672342708317,6.5137370172596505
211,211,NASSAU AV,G,40.724608,-73.95127099999999,MTA,678374.0,6.387843859300487,155.55899494733387,5.9221583690340776
212,212,MORISN AV/SNDVW,6,40.829495,-73.87455899999999,MTA,668194.0,6.368744101670567,156.8161071178995,6.590126406149843
213,213,46 ST,MR,40.756312,-73.913333,MTA,664511.0,6.361762277759332,158.3184499618507,7.388398051310577
214,214,TWENTY THIRD ST,1,40.742933,-73.992909,PATH,664254.0,6.361273642229358,157.68662031684647,7.052674622926993
215,215,33 ST-RAWSON ST,7,40.744558000000005,-73.930993,MTA,655173.0,6.343885416873228,159.03274647531296,7.7679403476844575
216,216,53 ST,R,40.644959,-74.014034,MTA,653984.0,6.34159090486073,154.11857959245407,5.156791968359137
217,217,BEDFORD PK BLVD,BD,40.873026,-73.88691899999999,MTA,653895.0,6.341418986391847,155.7660013416167,6.032151461215573
218,218,KINGSBRIDGE RD,4,40.867899,-73.897326,MTA,652686.0,6.339081278837793,163.05769761297134,9.906602890183638
219,219,BEDFORD PK BLVD,4,40.873399,-73.890084,MTA,650271.0,6.334398672561605,156.62857484600914,6.49048091191038
220,220,HALSEY ST,L,40.695607,-73.904021,MTA,650110.0,6.334085880763391,155.855346792653,6.079625272185913
221,221,169 ST,F,40.710459,-73.7936,MTA,647723.0,6.329439292513751,157.36865599719113,6.883723906001336
222,222,FLUSHING AV,JM,40.700244,-73.94165799999999,MTA,644005.0,6.3221675313713215,159.22656226430496,7.870924596159896
223,223,18 ST,1,40.741096,-73.997877,MTA,643924.0,6.322008642605685,157.889072258558,7.160247701353623
224,224,JEFFERSON ST,L,40.706635999999996,-73.922925,MTA,640180.0,6.314642553538814,160.32667424446612,8.455470396607566
225,225,NORWOOD 205 ST,D,40.874827,-73.878872,MTA,637451.0,6.309246219200578,154.82549311378676,5.532411303141916
226,226,67 AV,MR,40.726462,-73.85263,MTA,624872.0,6.284070024325158,157.9357729202353,7.185062153112978
227,227,MOSHOLU PKWY,4,40.87963,-73.88466600000001,MTA,623129.0,6.280541583567515,154.01610489922734,5.102341919038639
228,228,116 ST,BC,40.805071999999996,-73.954833,MTA,620406.0,6.275009478546441,157.13308665673566,6.758553858623705
229,229,125 ST,1,40.815596,-73.958395,MTA,616652.0,6.267342828617988,154.1705918598691,5.184428748102921
230,230,WOODLAWN,4,40.885973,-73.878851,MTA,613663.0,6.261205059546585,148.4279754905774,2.1330827553434
231,231,MORGAN AV,L,40.706148,-73.93316,MTA,613498.0,6.260865369754607,156.61606858650072,6.483835696144355
232,232,36 ST,MR,40.75202,-73.92874,MTA,607635.0,6.248735382138947,159.43884429299123,7.983720902914865
233,233,3 AV 138 ST,6,40.810512,-73.926165,MTA,603554.0,6.240222896068174,154.883672770428,5.563325132437861
234,234,BAY PKWY,D,40.601898,-73.993821,MTA,601304.0,6.235505012147742,154.71539282195408,5.473909382992453
235,235,FRANKLIN AV,ACS,40.681159,-73.956056,MTA,599758.0,6.232253058125825,156.49254166856852,6.418199522353273
236,236,OZONE PK LEFFRT,A,40.685975,-73.824713,MTA,598963.0,6.2305775398373475,158.19249931792126,7.321474027847218
237,237,AVENUE U,BQ,40.599307,-73.955916,MTA,594323.0,6.22075382566446,155.1021395511711,5.679407714505538
238,238,AVENUE J,BQ,40.625028,-73.960819,MTA,588626.0,6.2085868217023705,156.40651229021478,6.372487710520774
239,239,ROCKAWAY BLVD,A,40.680429,-73.843853,MTA,588481.0,6.208275612696708,158.69909728470537,7.590655456046555
240,240,GUN HILL RD,25,40.877796000000004,-73.86625500000001,MTA,588091.0,6.207438187145133,154.91197233608312,5.578362140084818
241,241,ROOSEVELT ISLND,F,40.759122999999995,-73.953266,MTA,578689.0,6.187079922071187,148.3781629765527,2.106614817162574
242,242,V.CORTLANDT PK,1,40.889185,-73.898549,MTA,575541.0,6.1801895363155435,156.63795420343416,6.495464644559932
243,243,PELHAM BAY PARK,6,40.852465,-73.828125,MTA,574833.0,6.178634665368056,156.17802524423928,6.25108084868285
244,244,BAY PKWY,N,40.612006,-73.98200899999999,MTA,573002.0,6.174604625492103,155.23094524041315,5.747848769669015
245,245,E 180 ST,25,40.841882,-73.873551,MTA,565921.0,6.158897166998208,157.87506067037117,7.152802627415772
246,246,RECTOR ST,NRW,40.707221999999994,-74.013391,MTA,565413.0,6.15776274929266,151.0847307537179,3.5447528033857063
247,247,GRAND ST,L,40.711874,-73.94067,MTA,565155.0,6.157186217689556,156.60043503943143,6.4755287924379585
248,248,CANAL ST,1,40.722819,-74.00626700000001,MTA,564105.0,6.154837149774593,157.7240061467611,7.072539627823717
249,249,DYCKMAN ST,1,40.860523,-73.925575,MTA,555424.0,6.135246754145175,152.9688623818035,4.5458883700820305
250,250,MONTROSE AV,L,40.707889,-73.940005,MTA,548453.0,6.119292361896575,156.99727863978336,6.686392108358098
251,251,GRANT AV,A,40.677107,-73.865376,MTA,545434.0,6.1123198085054895,158.5018410858247,7.485843141711907
252,252,3 AV,L,40.733243,-73.987169,MTA,545196.0,6.111768493747452,157.45909128824928,6.9317768047549375
253,253,NEWKIRK AV,25,40.639961,-73.948352,MTA,543206.0,6.107149319736021,157.10655421169423,6.7444558126026966
254,254,GATES AV,JZ,40.689652,-73.92228100000001,MTA,541696.0,6.103633012520733,154.99528344626663,5.622629596913408
255,255,45 ST,R,40.648866,-74.010086,MTA,539940.0,6.099531501776157,155.81459599175417,6.057972285981004
256,256,BAY RIDGE AV,R,40.634945,-74.023411,MTA,537951.0,6.094869627852619,153.41948219218568,4.785325738738673
257,257,CLINTON-WASH AV,C,40.683263000000004,-73.965838,MTA,533946.0,6.085430071578192,154.7846034059931,5.510684508594311
258,258,PARKSIDE AV,BQ,40.655053,-73.96122700000001,MTA,529406.0,6.074643547098843,153.45423875419408,4.803793679026926
259,259,FAR ROCKAWAY,A,40.603983,-73.755383,MTA,528796.0,6.073187211723287,156.5003613147221,6.422354500575944
260,260,GRAND ARMY PLAZ,23,40.675219,-73.971012,MTA,526161.0,6.066876957467197,154.08862905926196,5.140877717160772
261,261,WINTHROP ST,25,40.656648,-73.950198,MTA,525499.0,6.065286643823417,160.72953194718986,8.669529312928663
262,262,WEST FARMS SQ,25,40.840097,-73.879774,MTA,524678.0,6.063311581352013,158.23137849550665,7.342132524793199
263,263,NORTHERN BLVD,MR,40.752897999999995,-73.905973,MTA,523113.0,6.059538118360457,159.7113425162708,8.128513155812783
264,264,170 ST,BD,40.839301,-73.91335500000001,MTA,522950.0,6.059144450589853,153.91517263701544,5.048711442260261
265,265,KINGSTON-THROOP,C,40.679921,-73.94085799999999,MTA,520070.0,6.052168537692815,156.074680160427,6.196168316296343
266,266,207 ST,1,40.864653000000004,-73.918719,MTA,512133.0,6.032741798179821,160.43785978929228,8.514548967217346
267,267,CORTELYOU RD,BQ,40.640905,-73.96386600000001,MTA,505458.0,6.016169439059325,154.29664493713182,5.251407199638953
268,268,UNION ST,R,40.677302000000005,-73.983135,MTA,504899.0,6.014771664629684,156.70985301127322,6.5336681610540985
269,269,HALSEY ST,J,40.686170000000004,-73.916337,MTA,504418.0,6.013567689225223,155.77070439001886,6.034650431540751
270,270,103 ST,BC,40.796105,-73.961399,MTA,503556.0,6.0114071699976686,147.5929008981692,1.6893648840215592
271,271,DYCKMAN ST,A,40.865286,-73.92698,MTA,501644.0,6.006601698278866,157.19082576722354,6.789233603200556
272,272,HUNTERS PT AV,7,40.74238,-73.94888900000001,MTA,501378.0,6.005931703710503,157.94199913680302,7.188370460642544
273,273,HOYT ST,23,40.690546999999995,-73.985066,MTA,497439.0,5.9959684222162615,156.26881463678808,6.299321899681878
274,274,52 ST,7,40.744103,-73.912497,MTA,496030.0,5.992385337651013,160.21853885167812,8.398012527887033
275,275,CASTLE HILL AV,6,40.834255,-73.85122199999999,MTA,491470.0,5.98071909731269,156.46908152395798,6.4057339467961585
276,276,LORIMER ST,GL,40.713875,-73.951592,MTA,490410.0,5.977991704360294,157.64767188271202,7.031979326431838
277,277,36 AV,NQW,40.756977,-73.929373,MTA,487832.0,5.971333797622832,155.469562087354,5.874638113218305
278,278,183 ST,4,40.858389,-73.903828,MTA,487334.0,5.970043615786054,154.99842681209162,5.624299828058426
279,279,ELDER AV,6,40.828894,-73.879559,MTA,486907.0,5.968936325234184,154.80033087190844,5.519041316190528
280,280,174-175 STS,BD,40.845892,-73.910136,MTA,484490.0,5.962650231065704,156.93794120924497,6.654863094533987
281,281,PARSONS BLVD,F,40.707564,-73.803326,MTA,482530.0,5.957529625738804,159.8567827602812,8.20579300130624
282,282,174 ST,25,40.837382,-73.887659,MTA,479524.0,5.949635736400994,158.152059739916,7.299986410294521
283,283,18 AV,D,40.607958,-74.00178199999999,MTA,472187.0,5.930158733541652,154.9968551332657,5.62346471465733
284,284,CITY HALL,NRW,40.713086,-74.007232,MTA,468709.0,5.9208199560607895,156.49254166856852,6.418199522353273
285,285,135 ST,BC,40.817902000000004,-73.947644,MTA,468430.0,5.920067813268363,153.123888757673,4.6282618180649076
286,286,RALPH AV,C,40.678815,-73.920801,MTA,465828.0,5.913031556431455,157.20642905671528,6.797524429507371
287,287,6 AV,123FLM,40.737348,-73.9969,MTA,462257.0,5.9033107043697415,156.074680160427,6.196168316296343
288,288,182-183 STS,BD,40.856085,-73.900695,MTA,455995.0,5.886081786262432,156.6504595637816,6.5021093825557
289,289,15 ST-PROSPECT,FG,40.660376,-73.979509,MTA,452960.0,5.877646146595608,153.41316238490214,4.78196770167167
290,290,ROCKAWAY AV,C,40.67836,-73.911939,MTA,449610.0,5.86826910157583,157.0878240372656,6.734503512290223
291,291,WESTCHESTER SQ,6,40.839892,-73.842952,MTA,449152.0,5.8669816796314525,159.49769953147472,8.014993703420892
292,292,176 ST,4,40.848634999999994,-73.912497,MTA,448312.0,5.864617053579543,159.2963060789496,7.907983054474077
293,293,79 ST,D,40.613513,-74.00064499999999,MTA,445266.0,5.856005149039492,154.82863824661956,5.534082473188617
294,294,COURT SQ-23 ST,EGM,40.747257,-73.945112,MTA,441492.0,5.84525289549654,155.77540736548383,6.037149363110654
295,295,KOSCIUSZKO ST,J,40.693329,-73.928826,MTA,440002.0,5.8409825067167285,156.84735127302758,6.606728024892315
296,296,BAY RIDGE-95 ST,R,40.616624,-74.030964,MTA,438299.0,5.836083907497975,152.59045102365502,4.344819047834506
297,297,AVENUE M,BQ,40.617568,-73.95936,MTA,435343.0,5.827535746827222,156.73798270624917,6.548614907714974
298,298,NECK RD,BQ,40.595234000000005,-73.95509,MTA,432093.0,5.818070149073362,154.8962506824398,5.570008420846214
299,299,FRANKLIN ST,1,40.719322999999996,-74.006953,MTA,431751.0,5.817069939742953,156.88171614330804,6.62498783931814
300,300,STERLING ST,25,40.662752000000005,-73.95060500000001,MTA,427923.0,5.805820235593826,155.02042945757,5.635990959729624
301,301,71 ST,D,40.619588,-73.99884200000001,MTA,418125.0,5.776561069622612,154.62885727081851,5.427928615654285
302,302,MYRTLE-WILLOUGH,G,40.694568,-73.949046,MTA,415547.0,5.7687485849937685,158.0353771936616,7.237987001481089
303,303,FT HAMILTON PKY,FG,40.650721999999995,-73.975818,MTA,414681.0,5.766113341393822,154.762583577422,5.498984246666493
304,304,77 ST,R,40.629702,-74.025514,MTA,414119.0,5.764400225542361,152.2337679915045,4.155295097278138
305,305,MT EDEN AV,4,40.844406,-73.914621,MTA,412708.0,5.76008887952902,156.2437719964796,6.286015463165939
306,306,NEW LOTS AV,3,40.666252,-73.884087,MTA,407260.0,5.743302900369722,157.41855464162978,6.91023760967937
307,307,CLARK ST,23,40.697356,-73.992888,MTA,407000.0,5.742496203529671,155.16183681258394,5.711127924889936
308,308,MARBLE HILL-225,1,40.874551000000004,-73.909879,MTA,404211.0,5.733810270264982,156.76610980304557,6.563560273830077
309,309,NEW UTRECHT AV,DN,40.625419,-73.99663199999999,MTA,403239.0,5.730769028613664,155.78638069127936,6.042980052737162
310,310,LAFAYETTE AV,C,40.686170000000004,-73.973908,MTA,400358.0,5.721711558574773,153.99875957589097,5.093125460990253
311,311,COURT SQ,7,40.747029,-73.94537,MTA,399891.0,5.720237238144941,155.5370314277052,5.910488026929343
312,312,INTERVALE AV,25,40.822171999999995,-73.89674699999999,MTA,397866.0,5.713824323927915,157.51676878196074,6.962423809184829
313,313,CLASSON AV,G,40.688855,-73.960025,MTA,396836.0,5.710549912436397,154.07286442385745,5.132501159512574
314,314,ALLERTON AV,25,40.865481,-73.867393,MTA,393836.0,5.700964140915512,157.97779742478014,7.207391923255081
315,315,PROSPECT AV,R,40.665438,-73.992856,MTA,391885.0,5.694690929917827,155.4052168547297,5.840448197839094
316,316,9 AV,D,40.646343,-73.994551,MTA,391124.0,5.692235553200018,157.55573389871515,6.98312797000981
317,317,190 ST,A,40.859021999999996,-73.93419,MTA,391030.0,5.691931929492613,152.61579895079865,4.358287698871004
318,318,69 ST,7,40.746325,-73.896403,MTA,388958.0,5.685220686780574,156.49723348038123,6.420692522103359
319,319,FRESH POND RD,M,40.706181,-73.89591,MTA,387662.0,5.681004722448499,158.8000061797938,7.644273516676265
320,320,EASTN PKWY-MUSM,23,40.672013,-73.96436,MTA,385797.0,5.674912966803241,150.7278334168059,3.355114981741128
321,321,CHAUNCEY ST,JZ,40.682867,-73.91048,MTA,384387.0,5.670287823433402,156.4831578278448,6.413213407497654
322,322,JAMAICA VAN WK,E,40.702566,-73.816859,MTA,384108.0,5.6693706250723315,158.10850345508896,7.276842726889652
323,323,GUN HILL RD,5,40.877796000000004,-73.866341,MTA,383352.0,5.666881960986136,154.91197233608312,5.578362140084818
324,324,WAKEFIELD/241,2,40.903085,-73.85059100000001,MTA,383019.0,5.665784206318598,159.11959104535993,7.814085312586302
325,325,20 AV,D,40.604797999999995,-73.998456,MTA,380106.0,5.656140432709319,155.0251441018019,5.63849609151263
326,326,25 AV,D,40.597873,-73.98695500000001,MTA,379082.0,5.652732814117661,155.84594324756262,6.074628687391794
327,327,SARATOGA AV,3,40.661466,-73.91631600000001,MTA,376611.0,5.644471883249693,157.65857794440814,7.0377742751996495
328,328,FULTON ST,G,40.687129999999996,-73.975346,MTA,376609.0,5.64446517501503,154.03817931957786,5.114071188372951
329,329,LORIMER ST,JM,40.703855,-73.947387,MTA,375791.0,5.641718515780679,155.7675690325217,6.032984455630184
330,330,NEW LOTS,L,40.658747999999996,-73.899472,MTA,375430.0,5.6405044572935585,158.66338311780464,7.571678691267344
331,331,CRESCENT ST,JZ,40.683209000000005,-73.873765,MTA,375423.0,5.6404809044572595,156.33141221139346,6.332583194907863
332,332,SMITH-9 ST,FG,40.673714000000004,-73.996139,MTA,369910.0,5.621793643232284,159.52867145837553,8.031450673373154
333,333,JACKSON AV,25,40.816505,-73.907797,MTA,366551.0,5.610270701761063,154.89153402680415,5.567502220301448
334,334,E 149 ST,6,40.812104,-73.904085,MTA,365124.0,5.605343431302353,157.48403424343013,6.945030273460534
335,335,233 ST,25,40.893386,-73.857265,MTA,361688.0,5.593399854808793,157.54949981390803,6.979815481681937
336,336,WILSON AV,L,40.688676,-73.903999,MTA,360080.0,5.587771399353057,153.0985838054853,4.614816001822019
337,337,BERGEN ST,23,40.680801,-73.97513199999999,MTA,355668.0,5.572198088400505,154.5737762698478,5.398661260709956
338,338,KINGS HWY,F,40.603234,-73.972342,MTA,352238.0,5.559956944049661,157.5058576587992,6.956626171001381
339,339,9TH STREET,1,40.734278,-73.99876400000001,PATH,351183.0,5.556167831115905,154.52970422729265,5.375243528826892
340,340,BROADWAY,NQW,40.761959000000004,-73.925382,MTA,351142.0,5.556020346805041,155.32515857348724,5.797909135511565
341,341,BRIARWOOD,EF,40.709174,-73.820593,MTA,350573.0,5.5539717726218845,155.7205347793359,6.007992749628659
342,342,KINGSTON AV,3,40.669409,-73.942173,MTA,350099.0,5.552262687320639,153.32783195945973,4.736627279294426
343,343,BOWERY,JZ,40.720315,-73.994014,MTA,343410.0,5.527894531884182,157.04723804599,6.712938097873348
344,344,ROCKAWAY AV,3,40.662541,-73.90876300000001,MTA,341166.0,5.519613149608926,159.8737978841193,8.2148340074611
345,345,CLINTON-WASH AV,G,40.688123,-73.96674200000001,MTA,339647.0,5.513976373975466,154.5832194413424,5.403678901040781
346,346,OCEAN PKWY,Q,40.576298,-73.968523,MTA,333446.0,5.4907008729455695,152.39076097404893,4.238713504041295
347,347,WOODHAVEN BLVD,JZ,40.693866,-73.851568,MTA,330244.0,5.478512113190264,158.05716131014435,7.2495620175122735
348,348,80 ST,A,40.679369,-73.85896,MTA,329612.0,5.476092376359408,157.1580562617522,6.771821487750983
349,349,BROADWAY,G,40.7061,-73.95034799999999,MTA,326320.0,5.463412799862467,159.39856844042123,7.962320281065626
350,350,238 ST,1,40.884821,-73.900759,MTA,325390.0,5.459807603266944,158.3495409221464,7.404918269797856
351,351,EASTCHSTER/DYRE,5,40.888244,-73.83085,MTA,324914.0,5.457958374252826,159.11804046443427,7.813261409579436
352,352,SUTPHIN BLVD,F,40.705416,-73.810562,MTA,322190.0,5.447323418727948,158.74412227198243,7.614579536233519
353,353,RIT-MANHATTAN,R,40.761268,-73.964016,MTA,321367.0,5.444092595866191,157.72712142628922,7.074194935281704
354,354,BEVERLY RD,25,40.645089,-73.948975,MTA,320996.0,5.44263346738692,155.12413465013185,5.691094836325681
355,355,FREEMAN ST,25,40.829966,-73.891876,MTA,318888.0,5.434310637451506,155.78638069127936,6.042980052737162
356,356,ST LAWRENCE AV,6,40.8315,-73.867623,MTA,312769.0,5.409836194302852,155.01728632056125,5.6343208501663895
357,357,RIT-ROOSEVELT,R,40.7574,-73.954006,MTA,308732.0,5.393425644947407,150.62578387183464,3.300890835448484
358,358,PENNSYLVANIA AV,3,40.664884,-73.894258,MTA,305466.0,5.379991439990149,157.07221467983913,6.726209461779124
359,359,HARLEM 148 ST,3,40.823877,-73.93644300000001,MTA,305425.0,5.379821881233077,156.65358582359858,6.503770524403148
360,360,W 8 ST-AQUARIUM,FQ,40.576152,-73.975925,MTA,304757.0,5.377056103105481,155.17911539979582,5.720308922619723
361,361,NOSTRAND AV,3,40.669734999999996,-73.950455,MTA,303134.0,5.3703109170722865,152.23852656711108,4.157823572048985
362,362,SUTTER AV,L,40.669376,-73.902047,MTA,300666.0,5.359984383549719,158.368193985311,7.414829596949079
363,363,JAY ST-METROTEC,R,40.692182,-73.985935,MTA,300294.0,5.3584205248047025,155.81302854392067,6.05713942072272
364,364,18 AV,F,40.629881,-73.977149,MTA,298723.0,5.351794727789709,157.42479139897944,6.9135515180658755
365,365,225 ST,25,40.887887,-73.860505,MTA,293832.0,5.330941227961527,156.842664854028,6.604237890619847
366,366,EAST 105 ST,L,40.650625,-73.899558,MTA,288115.0,5.306121396725179,163.2334704597572,10.0
367,367,DITMAS AV,F,40.63615,-73.978179,MTA,287671.0,5.304173248266967,158.99241744536107,7.746511469970524
368,368,25 ST,R,40.66043,-73.99794399999999,MTA,281294.0,5.275856124053283,156.30637472854193,6.3192794988127625
369,369,155 ST,BD,40.829934,-73.938632,MTA,280637.0,5.272902313281572,153.43212140760693,4.792041600786062
370,370,155 ST,C,40.830551,-73.941486,MTA,279406.0,5.267349187982034,154.73898912175008,5.4864473047682285
371,371,PATH WTC 2,1,40.711638,-74.010708,PATH,276864.0,5.255804212249048,148.959318971449,2.4154127416900915
372,372,65 ST,MR,40.749663,-73.898485,MTA,276330.0,5.253365480542032,157.3405844260687,6.868808043518695
373,373,PRESIDENT ST,25,40.667879,-73.950648,MTA,276282.0,5.253146037901244,153.87415923109387,5.026918920566242
374,374,FT HAMILTON PKY,D,40.640871999999995,-73.994229,MTA,275624.0,5.250133995523871,157.22827232167958,6.809130874154105
375,375,4 AV-9 ST,DFGMNR,40.670320000000004,-73.98875699999999,MTA,274924.0,5.24692179107951,156.672342708317,6.5137370172596505
376,376,CYPRESS AV,6,40.805737,-73.91447099999999,MTA,273531.0,5.240505099812939,159.2498119581697,7.883278348464574
377,377,BUHRE AV,6,40.846817,-73.832545,MTA,271753.0,5.232267311358869,156.78954706622966,6.5760136913142135
378,378,KNICKERBOCKER,M,40.698665999999996,-73.919685,MTA,271226.0,5.2298152698818114,158.12250436485292,7.284282126834888
379,379,74 ST-BROADWAY,7EFMR,40.746655,-73.891361,MTA,270593.0,5.226863722420647,158.97690487157018,7.738268845558536
380,380,20 AV,N,40.617373,-73.985088,MTA,268848.0,5.218691257063632,154.97013534264218,5.60926712233992
381,381,BEVERLEY ROAD,BQ,40.643982,-73.96451,MTA,268318.0,5.216198570984517,154.37382641254578,5.292417667790549
382,382,BRONX PARK EAST,25,40.848797,-73.868465,MTA,267540.0,5.21253056295901,156.74110806751713,6.550275572117339
383,383,FOREST AVE,M,40.704423999999996,-73.903077,MTA,266256.0,5.206453543315593,154.90725592589266,5.575856069957645
384,384,LONGWOOD AV,6,40.816083,-73.89605999999999,MTA,263532.0,5.193463550608269,158.33865944463375,7.399136383864983
385,385,METROPOLITAN AV,M,40.711353,-73.88958000000001,MTA,262826.0,5.190074923136819,157.88284496522996,7.156938821686185
386,386,85 ST-FOREST PK,J,40.692304,-73.860151,MTA,260375.0,5.178239657313209,157.69285160592005,7.055985625738548
387,387,CENTRAL AV,M,40.697672999999995,-73.927131,MTA,258263.0,5.167951630806054,158.7472272002459,7.616229343534805
388,388,75 AV,EF,40.718477,-73.837223,MTA,256637.0,5.159973536108005,157.6149513630383,7.014593239643714
389,389,NEREID AV,25,40.898382,-73.854389,MTA,247977.0,5.11661233214001,155.72523853298918,6.01049209468984
390,390,LIVONIA AV,L,40.663801,-73.900444,MTA,247797.0,5.1156950797102185,158.46765783434756,7.467679830651805
391,391,219 ST,25,40.883767,-73.862736,MTA,244770.0,5.100169326821817,155.58252552307624,5.934661368256306
392,392,SHEPHERD AV,C,40.674161,-73.88076099999999,MTA,244433.0,5.098428959372984,158.57174951506454,7.522989068185728
393,393,BURKE AV,25,40.871387,-73.867135,MTA,244019.0,5.096287653802334,158.61989939424575,7.548573563378041
394,394,BAYCHESTER AV,5,40.878656,-73.838596,MTA,242208.0,5.086877830222917,157.16741933675877,6.7767965687182565
395,395,18 AV,N,40.620728,-73.990388,MTA,242137.0,5.086507487662374,153.4558185023157,4.804633080057835
396,396,138/GRAND CONC,45,40.813208,-73.929877,MTA,240807.0,5.079549942117649,159.37997780917664,7.952442127188867
397,397,75 ST-ELDERTS,JZ,40.691320000000005,-73.867135,MTA,238833.0,5.069152313530473,156.4409269617329,6.39077398689308
398,398,VAN SICLEN AVE,C,40.672786,-73.890438,MTA,237997.0,5.064722930424561,158.3106767291572,7.384267734934766
399,399,NORWOOD AV,JZ,40.681598,-73.880074,MTA,235595.0,5.0519092920463295,156.19994240917532,6.262726560166881
400,400,AVENUE H,BQ,40.629164,-73.961678,MTA,233914.0,5.0428639344373325,155.06128726489294,5.657700803924415
401,401,KINGS HWY,N,40.603967,-73.98066800000001,MTA,232535.0,5.035394951642822,153.73056824579817,4.950621680875743
402,402,50 ST,D,40.636232,-73.994765,MTA,231080.0,5.027466159473518,157.78319103246108,7.103987586767705
403,403,PARK PLACE,23ACE,40.713060999999996,-74.008777,MTA,222572.0,4.980079546156169,154.70595378557402,5.46889393985963
404,404,FT HAMILTON PKY,N,40.631428,-74.005387,MTA,222079.0,4.977278450643613,155.78167788598614,6.040481211588216
405,405,CLEVELAND ST,J,40.679938,-73.884687,MTA,217456.0,4.950705086459688,157.47468087389495,6.940060349506955
406,406,AQUEDUCT N.COND,A,40.668234000000005,-73.834058,MTA,216353.0,4.94428149392996,158.33555038013304,7.397484378769154
407,407,AVENUE X,F,40.589546999999996,-73.974295,MTA,215435.0,4.9389102749204055,157.77073200818685,7.097367469499184
408,408,88 ST,A,40.679857,-73.85149200000001,MTA,215329.0,4.938288595391522,159.24051229134415,7.87833695950921
409,409,AQUEDUCT RACETR,A,40.668221,-73.834026,MTA,212521.0,4.921707550439752,159.03274647531296,7.7679403476844575
410,410,VAN SICLEN AV,3,40.665405,-73.889451,MTA,210835.0,4.9116462471418645,156.07311405533545,6.19533616450559
411,411,HEWES ST,JM,40.706994,-73.95348100000001,MTA,209109.0,4.90126255149549,157.63676543194907,7.0261841709329085
412,412,LIBERTY AV,C,40.674552,-73.89655400000001,MTA,206114.0,4.883039418254149,158.84812029002927,7.669839005997001
413,413,PELHAM PKWY,5,40.858973,-73.855355,MTA,204063.0,4.870406663371545,156.85047551231287,6.60838809312786
414,414,FLUSHING AV,G,40.700374,-73.950284,MTA,203034.0,4.864020816626804,158.19405457973102,7.322300418047383
415,415,VAN SICLEN AV,JZ,40.678018,-73.891726,MTA,202227.0,4.858989989535836,157.41855464162978,6.91023760967937
416,416,BAY 50 ST,D,40.588879,-73.98362900000001,MTA,201982.0,4.857458689642441,157.72089083549878,7.070884303503724
417,417,111 ST,A,40.684364,-73.832181,MTA,195017.0,4.813130870435747,157.74581243709832,7.084126425958667
418,418,ZEREGA AV,6,40.836459999999995,-73.846471,MTA,194113.0,4.80726172878032,158.48319614803404,7.475936131987727
419,419,BEACH 90 ST,AS,40.588032,-73.813684,MTA,193596.0,4.803892852889597,154.60839978709805,5.4170585075087745
420,420,AVENUE U,N,40.597482,-73.979359,MTA,190777.0,4.785363933872818,155.2278042907165,5.746179822336653
421,421,111 ST,J,40.697404999999996,-73.836354,MTA,190175.0,4.781371601515153,159.32110007288009,7.921157372443289
422,422,SENECA AVE,M,40.702798,-73.907776,MTA,184393.0,4.742370038875807,153.56638022275712,4.863380180843727
423,423,BUSHWICK AV,L,40.682558,-73.905501,MTA,173310.0,4.664067854768988,156.38148099166716,6.359187300462866
424,424,ALABAMA AV,J,40.677107,-73.898871,MTA,169299.0,4.6344895124315055,161.7044090051172,9.187531389481576
425,425,MORRIS PARK,5,40.854137,-73.860977,MTA,165735.0,4.6076134717756485,155.68917455649796,5.991329458171421
426,426,86 ST,N,40.592676000000004,-73.978243,MTA,155478.0,4.526913197320112,155.47897731618372,5.8796409061811215
427,427,55 ST,D,40.631412,-73.995473,MTA,154104.0,4.5157003998810215,155.40835596381243,5.842116167159077
428,428,JUNIUS ST,3,40.663419,-73.902454,MTA,153329.0,4.509331678741238,157.38736894432725,6.893667052571576
429,429,BEACH 67 ST,A,40.590866999999996,-73.797011,MTA,151405.0,4.493380601425126,155.30631825321862,5.787898309076878
430,430,MIDDLETOWN RD,6,40.843635,-73.836687,MTA,149179.0,4.4746708794537895,155.94466593774516,6.12708510546175
431,431,WHITLOCK AV,6,40.826508000000004,-73.886425,MTA,144669.0,4.435892647739059,160.24943853746996,8.414431112440695
432,432,AVENUE N,F,40.615173999999996,-73.974166,MTA,144056.0,4.430528795186864,156.66296441041902,6.508753847591049
433,433,145 ST,3,40.820402,-73.93631500000001,MTA,143355.0,4.424366881831094,159.27151008831578,7.8948076755541745
434,434,ATLANTIC AV,L,40.675496,-73.902819,MTA,142313.0,4.4151516101231065,156.7004758687704,6.5286856053060776
435,435,215 ST,1,40.869359,-73.915329,MTA,141815.0,4.410723526160818,160.43785978929228,8.514548967217346
436,436,BEACH 60 ST,A,40.592334,-73.788493,MTA,141345.0,4.40653012465301,155.09742610752144,5.676903220653334
437,437,BEACH 44 ST,A,40.593214,-73.776433,MTA,139219.0,4.387385814480199,153.5268985666433,4.84240155621983
438,438,104 ST,A,40.681745,-73.837631,MTA,137758.0,4.374059482416909,158.21271710581505,7.3322167733320205
439,439,21 ST,G,40.743973,-73.949876,MTA,136908.0,4.366241125309587,159.21571180617127,7.865159192410678
440,440,104 ST,JZ,40.695184000000005,-73.844326,MTA,133739.0,4.336658346653617,157.87038999841027,7.150320860350924
441,441,PARK PLACE,S,40.67491,-73.95779399999999,MTA,133642.0,4.335741828009367,155.81459599175417,6.057972285981004
442,442,BEACH 25 ST,A,40.600138,-73.76151999999999,MTA,126927.0,4.270621057042443,155.06128726489294,5.657700803924415
443,443,AVENUE P,F,40.609147,-73.97298599999999,MTA,121395.0,4.2143300616378,155.62958119349466,5.959664454329694
444,444,NEPTUNE AV,F,40.580991999999995,-73.974531,MTA,104995.0,4.030993903912257,154.95441671511372,5.60091501103102
445,445,ROCKAWAY PARK B,AS,40.580453999999996,-73.837459,MTA,103690.0,4.01519507001545,153.45423875419408,4.803793679026926
446,446,39 AV,NQW,40.753076,-73.93271,MTA,99807.0,3.966982288219195,158.0167038603717,7.228064903774853
447,447,CYPRESS HILLS,J,40.689945,-73.872564,MTA,97404.0,3.9361969290823366,153.03689403314576,4.582037068402557
448,448,BOTANIC GARDEN,2345S,40.670499,-73.958759,MTA,96693.0,3.926942432182969,153.07485847257038,4.60220951814605
449,449,121 ST,JZ,40.700536,-73.82838199999999,MTA,89101.0,3.823650475779645,158.26869786663133,7.361962216733364
450,450,NEWARK HM HE,1,40.734595,-74.163987,PATH,83300.0,3.7386097098369198,-9999.0,-9999.0
451,451,E 143/ST MARY'S,6,40.808741999999995,-73.90769,MTA,71845.0,3.551735892508431,159.7113425162708,8.128513155812783
452,452,AVENUE I,F,40.625305,-73.975732,MTA,69441.0,3.508744912604782,157.3468227760239,6.872122798138053
453,453,AVENUE U,F,40.596065,-73.973329,MTA,68203.0,3.4860214157285028,156.2015078604552,6.263558364554032
454,454,BEACH 36 ST,A,40.595381,-73.768194,MTA,64221.0,3.410029814337572,152.37649229314934,4.231131823586764
455,455,TOMPKINSVILLE,1,40.636948,-74.07482399999999,MTA,61852.0,3.3625516203893766,153.11598118957033,4.624060122410715
456,456,BEACH 98 ST,AS,40.585514,-73.820143,MTA,57716.0,3.2751259507631976,154.92297700687988,5.584209484914758
457,457,BEACH 105 ST,AS,40.583542,-73.82643,MTA,44663.0,2.9512568549175824,151.15160128816706,3.5802845408732087
458,458,BAY PKWY,F,40.620907,-73.975453,MTA,39296.0,2.7895393498949157,157.1268439361166,6.755236781646949
459,459,BROAD CHANNEL,AS,40.608693,-73.816068,MTA,20984.0,1.9970587363352112,148.81493990560136,2.338696754467203
460,460,86 ST,BC,40.785821999999996,-73.968952,MTA,12562.0,1.3489342189717626,150.81869174895212,3.4033926638766934
461,461,ORCHARD BEACH,6,40.852416999999996,-73.828082,MTA,9530.0,1.0,157.39360633855716,6.8969812993651605
